iso3,area_name,area_type,year_latest_value,le,gr_le_P10,gr_le_P5,gr_le_P3,gr_le_P1
AFG,Afghanistan,country,2023,66.035004,.0060203332,.011249018,.024254836,.0063707246
AGO,Angola,country,2023,64.616997,.0079374872,.006291836,.0078652035,.0057744165
ALB,Albania,country,2023,79.601997,.0020415136,.00091699656,.0075581553,.010575029
AND,Andorra,country,2023,84.041,-.00043325571,-.00047758137,.019038996,.00029759065
ARE,United Arab Emirates,country,2023,82.908997,.001164112,.0011133666,.0039427713,.030091699
ARG,Argentina,country,2023,77.394997,.002046244,.0016229433,.0066202907,.020961469
ARM,Armenia,country,2023,75.682999,.0026409151,.0018735294,.031843942,.014068416
ATG,Antigua and Barbuda,country,2023,77.598,.00070892653,.0012054073,.001884167,.0014840637
AUS,Australia,country,2023,83.922997,.00164969,.0015923767,.0010308172,.013978965
AUT,Austria,country,2023,81.956001,.0010777077,.00066025584,.00061912619,.0081189862
AZE,Azerbaijan,country,2023,74.429001,.0040439134,.0038407461,.019148657,.0041010799
BDI,Burundi,country,2023,63.651001,.0073114312,.0059002694,.0057314141,.012229229
BEL,Belgium,country,2023,82.114998,.0020293773,.0015513042,.0054040812,.011779482
BEN,Benin,country,2023,60.773998,.0032000612,.0035387517,.0034238168,.0049441089
BFA,Burkina Faso,country,2023,61.091999,.0053755725,.0037074934,.0035054788,.0064580655
BGD,Bangladesh,country,2023,74.671997,.0072224792,.0069734356,.014948368,.0054804706
BGR,Bulgaria,country,2023,75.636002,.0010746049,.0018693255,.0091419723,.021638878
BHR,Bahrain,country,2023,81.283997,.0015960064,.0021594441,.010899707,.0036051732
BHS,Bahamas,country,2023,74.552002,.00083815394,.0013197063,.0070647029,.00081858743
BIH,Bosnia and Herzegovina,country,2023,77.849998,.00093088538,-.00023619723,.0078722527,.01397558
BLR,Belarus,country,2023,74.433998,.002386122,.00026887693,.009887781,.00098133518
BLZ,Belize,country,2023,73.566002,.0031673417,.0034167354,.009164107,.019060701
BOL,Bolivia (Plurinational State of),country,2023,68.581001,.0026692187,.0025921983,.029209744,.017009245
BRA,Brazil,country,2023,75.848,.0016484004,.00056788349,.0059683495,.013035607
BRB,Barbados,country,2023,76.178001,.0004764261,-.00052428804,-.0020438577,.0066332505
BRN,Brunei Darussalam,country,2023,75.327003,.00063014805,.00089189224,.0009444243,.033051409
BTN,Bhutan,country,2023,72.974998,.0039401706,.0035006618,.0033198346,.0030377659
BWA,Botswana,country,2023,69.163002,.012278897,.0082752286,.0074348496,.0060219159
CAF,Central African Republic,country,2023,57.408001,.014958143,.018823937,.043002702,2.0506961
CAN,Canada,country,2023,82.629997,.0010284464,.001715222,.0039686225,.016997121
CHE,Switzerland,country,2023,83.954002,.0015194026,.00093169673,.0035629014,.009062578
CHL,Chile,country,2023,81.167,.0020130365,.0015048849,.0075794552,.025146559
CHN,China,country,2023,77.953003,.0019461949,.00062723749,-.00028192994,-.0031840072
CIV,Côte d’Ivoire,country,2023,61.944,.0082518626,.0070867604,.0099004619,.0062051811
CMR,Cameroon,country,2023,63.700001,.0081564346,.0080758194,.010832225,.020130299
COD,Democratic Republic of the Congo,country,2023,61.895,.006877264,.0064867651,.008027656,.015021933
COG,Congo,country,2023,65.772003,.0043646898,.0040006344,.007098638,.011876943
COL,Colombia,country,2023,77.724998,.0024660905,.0029752082,.013062658,.015907072
COM,Comoros,country,2023,66.777,.0045095729,.0041729012,.0051492248,.004452575
CPV,Cabo Verde,country,2023,76.058998,.003454152,.0032365611,.010018611,.002002334
CRI,Costa Rica,country,2023,80.799004,.00075807679,.0017642307,.0044702967,.018697292
CUB,Cuba,country,2023,78.084999,.000073054121,.0016964981,.0029111877,.0058741765
CYP,Cyprus,country,2023,81.648003,.0004063001,.00022547402,.0017123561,.015093083
CZE,Czechia,country,2023,79.834,.0021098428,.0022014973,.0067583784,.0084507298
DEU,Germany,country,2023,81.377998,.0011425819,.0012408319,.0015367542,.009903512
DJI,Djibouti,country,2023,65.987,.0060637477,.005803864,.0091936225,.0068204678
DMA,Dominica,country,2023,71.132004,-.00013484045,-.0006902219,-.00064114039,.00071742031
DNK,Denmark,country,2023,81.932999,.0020077806,.0023154321,.0015794181,.007897404
DOM,Dominican Republic,country,2023,73.720001,.00092988304,.0004483274,.0049501788,-.0066160667
DZA,Algeria,country,2023,76.261002,.0019242179,.0018618728,.013486073,.0017338508
ECU,Ecuador,country,2023,77.391998,.0020384078,.00037257458,.024345683,.010642977
EGY,Egypt,country,2023,71.633003,.002837193,.0018502165,.0087263044,.0087734433
ERI,Eritrea,country,2023,68.624001,.0054325266,.0048644696,.0081154611,.012317562
ESP,Spain,country,2023,83.669998,.0011740418,.0013776723,.0057585905,.015831504
EST,Estonia,country,2023,79.153,.0024339687,.0020823195,.0010973271,.012613988
ETH,Ethiopia,country,2023,67.315002,.0079973266,.0062292675,.0067553376,.0062483638
FIN,Finland,country,2023,81.910004,.0012798863,.00069489772,.00035832782,.0082098441
FJI,Fiji,country,2023,67.316002,.0011526069,.0010460599,.0019486634,.0025017508
FRA,France,country,2023,83.324997,.0016298688,.001826904,.0045454977,.010306176
FSM,Micronesia (Federated States of),country,2023,67.197998,.0030552712,.0037776595,.0066348501,.003539613
GAB,Gabon,country,2023,68.336998,.0038651107,.0038307898,.006242766,.009215598
GBR,United Kingdom of Great Britain and Northern Ireland,country,2023,81.302002,.00046736191,.00044088543,.0037881578,.0028120405
GEO,Georgia,country,2023,74.496002,.0019963137,.0013774814,.0044556083,.0047879033
GHA,Ghana,country,2023,65.498001,.0048620263,.0042053661,.0061253784,.0038621908
GIN,Guinea,country,2023,60.740002,.0055685495,.0056833946,.0077466657,.0050969836
GMB,Gambia,country,2023,65.860001,.0056499708,.0056392774,.0074068275,.015433417
GNB,Guinea-Bissau,country,2023,64.084999,.0085085314,.0077709169,.01468319,.0075466246
GNQ,Equatorial Guinea,country,2023,63.707001,.0063758595,.0057227183,.0083306804,.0055562267
GRC,Greece,country,2023,81.857002,.00097026181,.0008868333,.0013105709,.023929611
GRD,Grenada,country,2023,75.205002,.00024364577,.00066082849,.00082574587,.00071837468
GTM,Guatemala,country,2023,72.601997,.0024061017,.0030748816,.012379833,.019604597
GUY,Guyana,country,2023,70.18,.0050837076,.0038952201,.011810521,.0041781683
HKG,"China, Hong Kong Special Administrative Region",country,2023,85.511002,.0021488834,.0012301375,.0031539961,.024268024
HND,Honduras,country,2023,72.884003,.0029548346,.0024408516,.009412922,.0023244175
HRV,Croatia,country,2023,78.580002,.0013719425,.0018297703,.0046366723,.0038578827
HTI,Haiti,country,2023,64.935997,.0036319727,.002666876,.0060423841,.015450364
HUN,Hungary,country,2023,77.024002,.0017579253,.0021403297,.0056634778,.010654543
IDN,Indonesia,country,2023,71.146004,.0029744906,.0030238957,.011156182,.0031162077
IND,India,country,2023,72.002998,.0050013266,.0044702012,.0086996891,.0042538261
IRL,Ireland,country,2023,82.412003,.0016493556,.00070291414,.000089013563,.0044118646
IRN,Iran (Islamic Republic of),country,2023,77.653999,.0030177739,.0026819843,.015551083,.011132718
IRQ,Iraq,country,2023,72.323997,.004647627,.0033744397,.012632176,.0039842613
ISL,Iceland,country,2023,82.691002,.0011537049,.0005765669,-.000080741163,.013518775
ISR,Israel,country,2023,82.407997,.000065567256,-.001233103,-.0011783646,-.0049027028
ITA,Italy,country,2023,83.716003,.0012799341,.0012758758,.0061877491,.020279646
JAM,Jamaica,country,2023,71.478996,-.0013277292,-.00035498993,.00012589294,-.000028132996
JOR,Jordan,country,2023,77.814003,.0046561062,.003435587,.0097438078,.009417735
JPN,Japan,country,2023,84.711998,.0015597095,.0010016686,.00016531721,.0078281993
KAZ,Kazakhstan,country,2023,74.402,.0050897943,.0028001817,.014795124,.01223116
KEN,Kenya,country,2023,63.646,.0030629719,.0026000387,.010972979,.0015265661
KGZ,Kyrgyzstan,country,2023,71.677002,.0045996746,.0028394882,.012104225,.0026580789
KHM,Cambodia,country,2023,70.667999,.0027481099,.0019213993,.0028891894,.0019851336
KIR,Kiribati,country,2023,66.473,.00086917484,.0020159988,.0064406288,.0030784209
KNA,Saint Kitts and Nevis,country,2023,72.144997,.0011928992,.0022578896,.0044940859,.026054714
KOR,Republic of Korea,country,2023,84.329002,.0030053386,.0023621758,.0025984771,.019364936
KWT,Kuwait,country,2023,80.404999,.0022947374,.0012633668,.0091055622,.020523414
LAO,Lao People's Democratic Republic,country,2023,68.963997,.004825132,.0040211244,.0030392008,.0036233584
LBN,Lebanon,country,2023,77.817001,-.00028224775,-.0011423257,.0065882914,-.0023842
LBR,Liberia,country,2023,62.162998,.0035611948,.0037876153,.0048511494,.0036975387
LBY,Libya,country,2023,69.338997,-.0042266441,-.010646578,-.014241984,-.068800218
LCA,Saint Lucia,country,2023,72.696999,.000013780688,.000115592,.0017900575,.00037152515
LIE,Liechtenstein,country,2023,83.629997,.0015143882,.00086554774,.0064311908,.0026972843
LKA,Sri Lanka,country,2023,77.483002,.0025348789,.0025961185,.0023991391,.0023674334
LSO,Lesotho,country,2023,57.375,.014776817,.0098237693,.013375411,.0099097723
LTU,Lithuania,country,2023,76.025002,.0026667805,.00030550853,.0040666074,.017792251
LUX,Luxembourg,country,2023,82.228996,.0016877573,.0017359524,.0033381742,.00034099669
LVA,Latvia,country,2023,76.190002,.002667689,.0032095809,.0031345438,.017616581
MAR,Morocco,country,2023,75.313004,.0043457248,.0036702589,.0098391455,.0020224014
MCO,Monaco,country,2023,86.372002,.0015365472,.00066817662,.001094622,.0073006717
MDA,Republic of Moldova,country,2023,71.197998,.001282942,.0027244419,.0060847597,-.004863793
MDG,Madagascar,country,2023,63.632,.00074323604,.00044384311,.0048984266,.0089427764
MDV,Maldives,country,2023,81.041,.0040290719,.004016337,.0097629065,.0034793208
MEX,Mexico,country,2023,75.069,.0010450097,.0020587149,.021398578,.014816253
MHL,Marshall Islands,country,2023,66.945,.0030237522,.0032428757,.0078801019,.0032970302
MKD,North Macedonia,country,2023,77.394997,.0023718784,.0013283961,.01292934,.0097855367
MLI,Mali,country,2023,60.438999,.0057838163,.0052641658,.0088747824,.006729255
MLT,Malta,country,2023,83.299004,.0017955669,.0009414333,.0038835718,.012754026
MMR,Myanmar,country,2023,66.889,.0034616643,.0019760556,.0013841026,.0057585905
MNE,Montenegro,country,2023,77.086998,.00095584744,.00043124912,.0054067979,.015357885
MNG,Mongolia,country,2023,71.734001,.0050500641,.0032659341,.0080507277,.0032027881
MOZ,Mozambique,country,2023,63.611,.010699314,.0091134859,.011916829,.0095221885
MRT,Mauritania,country,2023,68.484001,.0038687964,.0031395501,.0083636967,.0029731994
MUS,Mauritius,country,2023,74.926003,.0006644071,.00116521,.0011996465,.018791532
MWI,Malawi,country,2023,67.352997,.01026176,.0088067297,.010805555,.019928448
MYS,Malaysia,country,2023,76.656998,.0015697388,.0024256513,.0026226998,.016078087
NAM,Namibia,country,2023,67.385002,.014295515,.014908587,.016952347,.049774021
NER,Niger,country,2023,61.182999,.0047281589,.0047008032,.0071452204,.012996963
NGA,Nigeria,country,2023,54.462002,.0049715191,.006717734,.0086551988,.0070823906
NIC,Nicaragua,country,2023,74.946999,.0032544048,.0028745879,.019318435,.006499819
NLD,Netherlands (Kingdom of the),country,2023,82.157997,.0010491149,.00092024205,.0031232231,.00300333
NOR,Norway,country,2023,83.307999,.0019901982,.0013207567,.00045246186,.0081930179
NPL,Nepal,country,2023,70.353996,.0040041292,.0037894342,.0059838598,.0038095375
NRU,Nauru,country,2023,62.109001,.0022956931,.0028285854,.0031431539,.0028904646
NZL,New Zealand,country,2023,82.087997,.00058171974,.00049775111,-.0023241013,.013356888
OMN,Oman,country,2023,80.030998,.0017638007,.0004177966,.0096287392,.027210509
PAK,Pakistan,country,2023,67.649002,.0038035063,.0034893691,.0097871423,.0034410418
PAN,Panama,country,2023,79.594002,.0031508869,.0033708038,.014055523,.0034037211
PER,Peru,country,2023,77.739998,.0041435496,.004489935,.017341165,.011791543
PHL,Philippines,country,2023,69.833,.00079100404,.00020630103,-.0012569469,.0051961965
PLW,Palau,country,2023,69.268997,.00041674712,.00081037916,.0028067804,.0050346805
PNG,Papua New Guinea,country,2023,66.134003,.0033998934,.0031135292,.0053952918,.013175218
POL,Poland,country,2023,78.633003,.0020019517,.0025888518,.0087915612,.0091116568
PRK,Democratic People's Republic of Korea,country,2023,73.641998,.0024428116,.0016978356,.0039186762,.00001335153
PRT,Portugal,country,2023,82.360001,.0017864907,.0018779247,.0040557552,.01436052
PRY,Paraguay,country,2023,73.844002,.00075063255,.00058878108,.0051258993,.02108708
PSE,State of Palestine,country,2023,65.169998,-.012812839,-.028688952,-.045741614,-.14990479
QAT,Qatar,country,2023,82.367996,.0017083439,-.00083802373,.0080560157,.0062426063
ROU,Romania,country,2023,75.938004,.001353225,.0022138269,.0084457602,.0089956988
RUS,Russian Federation,country,2023,73.153999,.0035031501,.00059708295,.0092026042,.008784025
RWA,Rwanda,country,2023,67.785004,.0047449754,.0042765248,.0041251793,.0038057081
SAU,Saudi Arabia,country,2023,78.732002,.0028577554,-.000045679957,.0048564197,.018393742
SDN,Sudan,country,2023,66.331001,.0044614836,.0025215414,.006140091,.0096810563
SEN,Senegal,country,2023,68.682999,.004544971,.0038410332,.0058279727,.013202757
SGP,Singapore,country,2023,83.736,.0015270436,.00085724361,.00029870361,.009828873
SLB,Solomon Islands,country,2023,70.528,.0021825256,.0020600527,.006075325,.0016899067
SLE,Sierra Leone,country,2023,61.785999,.013464721,.0090688327,.011547931,.008339175
SLV,El Salvador,country,2023,72.098999,.0012203504,.0019952627,.0087261433,.0018059806
SMR,San Marino,country,2023,85.706001,.0018041177,.0014319172,.012176298,-.000023364748
SOM,Somalia,country,2023,58.816002,.0085496977,.014367389,.0099482983,.090578519
SRB,Serbia,country,2023,76.768997,.0018727651,.0019206348,.010019093,.0171043
SSD,South Sudan,country,2023,57.617001,-.001152042,.021100033,-.00017927471,.0072372719
STP,Sao Tome and Principe,country,2023,69.718002,.0071402583,.006183303,.0084555382,.0069472194
SUR,Suriname,country,2023,73.630997,.0049120989,.0059810453,.0060017682,.0051463493
SVK,Slovakia,country,2023,78.341003,.0023625104,.0027698658,.0063646459,.016939899
SVN,Slovenia,country,2023,81.602997,.0018757748,.0018285282,.0051129591,.010025354
SWE,Sweden,country,2023,83.262001,.0016078987,.0017627977,.003365445,.002601186
SWZ,Eswatini,country,2023,64.123001,.020961298,.017805548,.023185141,.017373506
SYC,Seychelles,country,2023,72.862,.00059760781,.00189369,-.005560142,.022653151
SYR,Syrian Arab Republic,country,2023,72.120003,.010221921,.013716553,.00081476959,-.0092046782
TCD,Chad,country,2023,55.069,.0076049515,.0098045086,.012324963,.00992133
TGO,Togo,country,2023,62.738998,.0072873668,.0069584553,.0087362444,.0072079748
THA,Thailand,country,2023,76.412003,.00059345679,-.0020240301,-.0039771572,.014888842
TJK,Tajikistan,country,2023,71.790001,.0031331405,.0029596169,.015241531,.0031860454
TKM,Turkmenistan,country,2023,70.072998,.0015907529,.0023019542,.0059058331,.002288572
TLS,Timor-Leste,country,2023,67.689003,.0044969758,.0044464446,.0038208656,.0047649057
TON,Tonga,country,2023,72.894997,.0017241542,.002003863,.0023707792,.0035793313
TTO,Trinidad and Tobago,country,2023,73.489998,.00096439105,.0022797782,.0038623502,.0021681413
TUN,Tunisia,country,2023,76.508003,.0024292842,.0030017039,.0066398107,.0060223956
TUR,Türkiye,country,2023,77.155998,.0012857113,-.00077065325,.0027411131,-.0056061368
TUV,Tuvalu,country,2023,67.105003,.0029287226,.0037189801,.0037434853,.0037846477
TZA,United Republic of Tanzania,country,2023,66.995003,.0065064905,.004560539,.0011170581,.0017343285
UGA,Uganda,country,2023,68.251999,.0090804286,.0074207587,.0091613811,.0085257478
UKR,Ukraine,country,2023,73.421997,.0026925988,-.00039998637,.00063184981,.010515278
URY,Uruguay,country,2023,78.138,.001529336,.0015712673,-.0010343603,.021839118
USA,United States of America,country,2023,79.304001,.00061616802,.0012759713,.0098280711,.016991787
UZB,Uzbekistan,country,2023,72.388,.0023736469,.0010782329,.0043055452,.0033405663
VCT,Saint Vincent and the Grenadines,country,2023,71.230003,.0016132479,.00059908687,.0077221589,.00054755894
VEN,Venezuela (Bolivarian Republic of),country,2023,72.514,-.00077174907,-.00034993724,.00066747679,-.00071642949
VNM,Viet Nam,country,2023,74.587997,.0010341742,.0013136902,-.0035277619,.0011546119
VUT,Vanuatu,country,2023,71.476997,.0021102729,.0023984059,.0051450711,.0024544271
WSM,Samoa,country,2023,71.697998,.00065648637,.0018118086,.0045555569,.0020682714
YEM,Yemen,country,2023,69.294998,.001945765,.010051554,.014148689,.019764079
ZAF,South Africa,country,2023,66.139,.0058556627,.001253627,.0050346805,.010465167
ZMB,Zambia,country,2023,66.348999,.011048297,.013200535,.015478609,.016391125
ZWE,Zimbabwe,country,2023,62.775002,.0099775791,.006063364,.0066996524,.0066548507
ZZA.VHHD,Very high human development,benchmark,2023,80.007339,.0015373592,.0011935676,.0056556449,.012179998
ZZB.HHD,High human development,benchmark,2023,75.679138,.0019385029,.00097894866,.0038246948,.0022403025
ZZC.MHD,Medium human development,benchmark,2023,69.323662,.0049327998,.0045179077,.008339175,.0042504743
ZZD.LHD,Low human development,benchmark,2023,65.038368,.0052968101,.0056279604,.0091216015,.012879592
ZZK.WORLD,World,world,2023,73.3834,.0025816809,.0020280394,.0055843573,.0055955453
