iso3,area_name,area_type,year_latest_value,gii_inv,gr_gii_inv_P10,gr_gii_inv_P5,gr_gii_inv_P3,gr_gii_inv_P1
AFG,Afghanistan,country,2023,.33899999,.015036562,.0097164437,.013119581,.011940393
AGO,Angola,country,2023,.48500001,.0077424212,.010201857,.012686359,.018907584
ALB,Albania,country,2023,.89300001,.010302998,.0070912912,.006810654,0
AND,Andorra,country,2023,,,,,
ARE,United Arab Emirates,country,2023,.95999998,.012721628,.01142291,-.0034483208,-.0051813433
ARG,Argentina,country,2023,.736,.012815364,.010369263,.0096958801,-.0027100907
ARM,Armenia,country,2023,.81999999,.018002803,.015848458,.011222883,0
ATG,Antigua and Barbuda,country,2023,.75999999,,,,-.020618588
AUS,Australia,country,2023,.94400001,.0072742845,.0075848401,.0057144198,0
AUT,Austria,country,2023,.96700001,.0053232219,.0056797955,.0052247499,.0051974999
AZE,Azerbaijan,country,2023,.685,.0040294905,.0014662812,.0084120808,.0029283043
BDI,Burundi,country,2023,.49900001,.005153113,.0024223293,.0013395969,.0020080076
BEL,Belgium,country,2023,.96899998,.0044409363,.0043916302,.0045123873,.0072764722
BEN,Benin,country,2023,.42699999,.020668859,.037623726,.056589868,.18611097
BFA,Burkina Faso,country,2023,.44499999,.0094632218,.016023219,.041408863,-.015486781
BGD,Bangladesh,country,2023,.51300001,.01971896,.018531129,.0085926354,0
BGR,Bulgaria,country,2023,.792,.00063351484,.00025271389,-.0033445135,.0012642083
BHR,Bahrain,country,2023,.83499998,.0089259902,.0096124057,.0097686239,.014580756
BHS,Bahamas,country,2023,.67500001,.0075647039,.0017873148,.00049431418,.0029718245
BIH,Bosnia and Herzegovina,country,2023,.84299999,,.0031130898,-.0050881556,.0011876269
BLR,Belarus,country,2023,.92000002,.007590075,.0048524579,.0051245391,.0087719476
BLZ,Belize,country,2023,.57200003,-.0046016295,.013843581,.02510222,.014184474
BOL,Bolivia (Plurinational State of),country,2023,.58099997,.0098027503,.0038301914,.0069810105,.0034542
BRA,Brazil,country,2023,.61000001,.009493866,.0036461144,.011746053,0
BRB,Barbados,country,2023,.70300001,.0066371295,.0072682207,.002382101,.0014244918
BRN,Brunei Darussalam,country,2023,.74300003,,.007994418,.0086723035,.026243189
BTN,Bhutan,country,2023,.722,.023920493,-.0002767776,-.0054795467,.006973478
BWA,Botswana,country,2023,.50999999,.0015823174,.00078616035,.0046174708,.0039369869
CAF,Central African Republic,country,2023,,,,,
CAN,Canada,country,2023,.94800001,.0071282154,.0055773556,.0049716728,.0021141993
CHE,Switzerland,country,2023,.99000001,.0033959073,.0042972793,.00067432038,-.0020161036
CHL,Chile,country,2023,.898,.026400896,.027262274,.031591311,.013544049
CHN,China,country,2023,.86800003,.010359194,.0073000472,.008594173,.0069606039
CIV,Côte d’Ivoire,country,2023,.41100001,.010019816,.016880706,.010771354,.0098280301
CMR,Cameroon,country,2023,.44199997,.0048795631,.0036597301,.0037994259,.0091322884
COD,Democratic Republic of the Congo,country,2023,.39600003,.013005024,.018116171,.0042445883,0
COG,Congo,country,2023,.435,.015223739,.021035008,.019097652,.030805701
COL,Colombia,country,2023,.60699999,.0097263912,.0056974092,.015866661,.0033057013
COM,Comoros,country,2023,.49900001,,.035071258,.0074579283,.0020080076
CPV,Cabo Verde,country,2023,.70200002,,.017712783,.014162058,.0057306848
CRI,Costa Rica,country,2023,.78299999,.010262503,.008380333,.0060320296,-.010113797
CUB,Cuba,country,2023,.704,.0023016019,.002000584,.0033365297,.0014224623
CYP,Cyprus,country,2023,.74800003,-.0051959595,-.0057807202,-.0057270019,.0040268996
CZE,Czechia,country,2023,.912,.0064747212,.0094739515,.011977189,.0077348379
DEU,Germany,country,2023,.94300002,.0021460089,.004950738,.0049982965,.0010615593
DJI,Djibouti,country,2023,.51899999,,.0070845275,.0032320684,.0019304885
DMA,Dominica,country,2023,,,,,
DNK,Denmark,country,2023,.99699998,.0036844022,.0036504737,.002351359,.0010040033
DOM,Dominican Republic,country,2023,.583,.0095765917,.011721951,.0081351697,.0086505497
DZA,Algeria,country,2023,.55700004,-.0069111865,-.020252829,-.033526324,0
ECU,Ecuador,country,2023,.64199996,.0081411237,.0106099,.0079117119,.00943386
EGY,Egypt,country,2023,.602,.031376958,.0060897609,.00390627,.0016638754
ERI,Eritrea,country,2023,,,,,
ESP,Spain,country,2023,.95700002,.0042787218,.0040187412,.0020986572,.0020942758
EST,Estonia,country,2023,.93900001,.010245618,.0087445052,.0079339826,.010764252
ETH,Ethiopia,country,2023,.50300002,.016277771,.0064861649,.0033355828,.0019921211
FIN,Finland,country,2023,.97899997,.0045017176,.0035095741,.0030832482,.002047057
FJI,Fiji,country,2023,.64999998,.0063715493,-.011011329,-.016371995,-.052478146
FRA,France,country,2023,.96600002,.0077758855,.0065447879,.0077087888,.0072992984
FSM,Micronesia (Federated States of),country,2023,,,,,
GAB,Gabon,country,2023,.495,.003921662,.010849449,.018147729,.035564922
GBR,United Kingdom of Great Britain and Northern Ireland,country,2023,.917,.0077345902,.0062213191,.0040308172,0
GEO,Georgia,country,2023,.74300003,.015831117,.011705633,.0063609472,0
GHA,Ghana,country,2023,.486,.0095350537,.0084400056,.010504958,.0020618208
GIN,Guinea,country,2023,.39099997,,,.030788355,.0025640163
GMB,Gambia,country,2023,.42199999,.017726123,.0077603692,.0088428734,.0071598282
GNB,Guinea-Bissau,country,2023,.36799997,,-.0048207892,-.0097697424,-.039164595
GNQ,Equatorial Guinea,country,2023,,,,,
GRC,Greece,country,2023,.89700001,.0022574349,.0061312518,.0056371158,.0067339805
GRD,Grenada,country,2023,.77399999,,-.0033257343,-.003421762,.0012936608
GTM,Guatemala,country,2023,.51999998,.010160878,.011543047,0,0
GUY,Guyana,country,2023,.57300001,,.0060416679,.0041056285,.0070298687
HKG,"China, Hong Kong Special Administrative Region",country,2023,,,,,
HND,Honduras,country,2023,.56299996,.0030707621,-.00070898421,-.00059138134,-.017452057
HRV,Croatia,country,2023,.926,.0053369519,.01162583,.004357364,.0043384018
HTI,Haiti,country,2023,.38200003,.0029261403,.0058608428,.0044015273,.0026247913
HUN,Hungary,country,2023,.787,.0068591894,.007537229,.013485756,.0063938489
IDN,Indonesia,country,2023,.57700002,.010845093,.0074423635,.0034904459,-.0017300763
IND,India,country,2023,.597,.028670263,.030792836,.022164615,.04188484
IRL,Ireland,country,2023,.94599998,.0073728105,.0060271262,.0042644325,.001058188
IRN,Iran (Islamic Republic of),country,2023,.51800001,.012608001,-.010110644,.00064435491,.0019343105
IRQ,Iraq,country,2023,.44199997,.0102874,.0069290577,.0084359627,.004545378
ISL,Iceland,country,2023,.97600001,.0050558266,.0052032019,.0058743637,.0010256286
ISR,Israel,country,2023,.92000002,.0042270762,.0021882153,0,.0076670637
ITA,Italy,country,2023,.95700002,.0044980184,.0027391927,.0017476422,.0031446759
JAM,Jamaica,country,2023,.64199996,.0096867187,.0083025377,.0020854832,.003124967
JOR,Jordan,country,2023,.56700003,.010255714,.00035312449,.0053477315,0
JPN,Japan,country,2023,.94099998,.0076444438,.0069436058,.0071867285,.0031982549
KAZ,Kazakhstan,country,2023,.81800002,.0064583179,.0032091532,0,-.016826931
KEN,Kenya,country,2023,.47399998,.0093213487,.0051416401,.004971663,.0021141435
KGZ,Kyrgyzstan,country,2023,.65999997,.006596792,.0099894861,.011893569,0
KHM,Cambodia,country,2023,.49400002,.0022544307,-.0032077492,-.0092720585,-.033268183
KIR,Kiribati,country,2023,,,,,
KNA,Saint Kitts and Nevis,country,2023,,,,,
KOR,Republic of Korea,country,2023,.96200001,.0037129675,.0035722742,.0013898588,.0020833714
KWT,Kuwait,country,2023,.81200004,.00086618605,.013324383,-.011236903,-.058004577
LAO,Lao People's Democratic Republic,country,2023,.52499998,.0083730184,.0034642601,-.00688816,.0019083327
LBN,Lebanon,country,2023,.63999999,.012006185,.0066949022,.014471431,.0015649212
LBR,Liberia,country,2023,.35399997,.0019991924,.0017035673,.0076484424,.014326663
LBY,Libya,country,2023,.74699998,.0018937316,.0024271989,.0040486036,.0026845543
LCA,Saint Lucia,country,2023,.67299998,.0066243946,.0014925401,.0055083591,.0029805824
LIE,Liechtenstein,country,2023,,,,,
LKA,Sri Lanka,country,2023,.63300002,.0032157039,-.00063071027,.00052717311,0
LSO,Lesotho,country,2023,.46600002,.0092521897,.011089205,.010219686,.0021506394
LTU,Lithuania,country,2023,.93000001,.0076218336,.013194818,.0091246068,.003236274
LUX,Luxembourg,country,2023,.95599997,.0033018521,.0063971039,.0013985843,-.0010449825
LVA,Latvia,country,2023,.88300002,.011191385,.011969619,.0096196877,.013777289
MAR,Morocco,country,2023,.56200004,.012163564,.003961246,.0041866675,.0035714952
MCO,Monaco,country,2023,,,,,
MDA,Republic of Moldova,country,2023,.85399997,.010015031,.015444692,.014459817,-.0046620136
MDG,Madagascar,country,2023,.41600001,,,,-.0023980548
MDV,Maldives,country,2023,.69099998,.0073822718,.0026254607,.0078396033,.0043604993
MEX,Mexico,country,2023,.64199996,.0051260218,.0021950579,.0052466858,.0046947785
MHL,Marshall Islands,country,2023,,,,,
MKD,North Macedonia,country,2023,.88800001,.0058121905,.0078386804,.010345562,.017182106
MLI,Mali,country,2023,.38800001,.012996009,.030426595,-.0059424005,.0025839156
MLT,Malta,country,2023,.889,.00984954,.016786311,.019888232,-.002244706
MMR,Myanmar,country,2023,.52200001,,.0090530394,-.0038023044,.0019193807
MNE,Montenegro,country,2023,.87900001,.0044291019,.00022768287,.001521497,-.012359525
MNG,Mongolia,country,2023,.71599996,.0080246516,.01096627,.0080419555,0
MOZ,Mozambique,country,2023,.52100003,.0097123329,.00907089,-.0031786598,.0038536345
MRT,Mauritania,country,2023,.39700001,.0078884047,.007732871,.0094103348,.01794878
MUS,Mauritius,country,2023,.648,-.0012262597,.0034300848,.0036269578,.012500012
MWI,Malawi,country,2023,.41900003,.0051551382,.0073178671,-.0015860326,-.011792493
MYS,Malaysia,country,2023,.82800001,.0094060404,.0051511242,.0040584831,.00120917
NAM,Namibia,country,2023,.55199999,.011985516,.0018214941,.002427181,0
NER,Niger,country,2023,.40899998,.025485709,.0235861,.026621824,0
NGA,Nigeria,country,2023,.32300001,0,-.0030675235,.0020726116,-.018236974
NIC,Nicaragua,country,2023,.59200001,.0029179088,.005146062,.0056948676,0
NLD,Netherlands (Kingdom of the),country,2023,.98699999,.0028820413,.002861277,.0037427971,.0040691854
NOR,Norway,country,2023,.99599999,.0046340255,.0028352011,.0016789807,0
NPL,Nepal,country,2023,.51300001,.0045975847,.012965047,.0045902058,0
NRU,Nauru,country,2023,,,,,
NZL,New Zealand,country,2023,.91799998,.0071349214,.0046390262,.0010916907,-.0043384079
OMN,Oman,country,2023,.778,.013703584,.012540592,.0073915562,0
PAK,Pakistan,country,2023,.46399999,.0090558538,.012062445,.0058140834,.0043288912
PAN,Panama,country,2023,.62599999,.017750924,.0098703504,.0016025516,.0096774148
PER,Peru,country,2023,.65999997,.010252119,.0077528609,.017244766,.0015173431
PHL,Philippines,country,2023,.64899999,.0114784,.009510437,.0057143895,.0015431915
PLW,Palau,country,2023,,,,,
PNG,Papua New Guinea,country,2023,.41600001,.0075128749,.17978916,.31247738,.061224453
POL,Poland,country,2023,.91900003,.0077170259,.0084814755,.0066154106,-.0010869403
PRK,Democratic People's Republic of Korea,country,2023,,,,,
PRT,Portugal,country,2023,.92400002,.0025238614,.00086805923,-.0017972711,-.0032362018
PRY,Paraguay,country,2023,.588,.0054308549,.0098057957,.013389243,.033391912
PSE,State of Palestine,country,2023,,,,,
QAT,Qatar,country,2023,.80500001,.094270788,-.0065763183,-.017196536,0
ROU,Romania,country,2023,.773,.0095374072,.0036621408,-.0017189593,-.0012919895
RUS,Russian Federation,country,2023,.83099997,.0076530632,0,.0048603332,.0024125127
RWA,Rwanda,country,2023,.60600001,.0056151333,.0057069887,.0022099561,.0066445307
SAU,Saudi Arabia,country,2023,.77200001,.011146137,.019192072,.0074498914,-.011523688
SDN,Sudan,country,2023,.412,.00024303766,-.0024096617,.0008103553,.0024330365
SEN,Senegal,country,2023,.50999999,.0084160175,.0072122971,.0072946879,.005917225
SGP,Singapore,country,2023,.96899998,.0030430928,.0037571518,.0010341137,.0010330421
SLB,Solomon Islands,country,2023,.52200001,.021493971,.038573787,.011097522,.0019193807
SLE,Sierra Leone,country,2023,.43400002,.018587288,.024249597,.038945854,.11568129
SLV,El Salvador,country,2023,.63800001,.0028659834,.0018915818,-.0015625058,.0063091824
SMR,San Marino,country,2023,,,,,
SOM,Somalia,country,2023,.32499999,,,,.0030864326
SRB,Serbia,country,2023,.88300002,.0056050019,.0034325726,-.0015054625,-.0011312072
SSD,South Sudan,country,2023,,,,,
STP,Sao Tome and Principe,country,2023,.50800002,.0058954009,.0043878937,-.014032439,.0019724723
SUR,Suriname,country,2023,.60899997,.018499766,.007042936,.0044174823,.0016445913
SVK,Slovakia,country,2023,.824,.001591514,.004427128,.0028478447,.0024330514
SVN,Slovenia,country,2023,.958,.0029707227,.0063835038,.0084929727,-.0020833041
SWE,Sweden,country,2023,.99299997,.0039095534,.004490884,.0033795428,.0020181371
SWZ,Eswatini,country,2023,.51600003,,.016696248,.013946027,.019762801
SYC,Seychelles,country,2023,,,,,
SYR,Syrian Arab Republic,country,2023,.50999999,.0001962914,-.00078245765,.00065445452,-.0019570487
TCD,Chad,country,2023,.32999998,,.009989474,.027732497,.0030394399
TGO,Togo,country,2023,.43599999,.010437354,.010897892,.0069769691,.0092592705
THA,Thailand,country,2023,.71200001,.009463219,.029724333,.0090567544,.014244987
TJK,Tajikistan,country,2023,.74199998,.011473688,.0097105512,.009615982,.0054199719
TKM,Turkmenistan,country,2023,,,,,
TLS,Timor-Leste,country,2023,.60600001,.012728739,.010557332,.0050000763,-.0049260422
TON,Tonga,country,2023,.55599999,.0069102063,-.006697821,.0012018944,.075435266
TTO,Trinidad and Tobago,country,2023,.73800004,.0071866536,.004115378,.0022686089,.0013569255
TUN,Tunisia,country,2023,.76199996,.0056856275,-.00052412116,-.0047661169,-.040302351
TUR,Türkiye,country,2023,.773,.017169172,.014588936,.017406443,.017105268
TUV,Tuvalu,country,2023,,,,,
TZA,United Republic of Tanzania,country,2023,.49599999,.0084437625,.0057427883,.002702723,.0040485337
UGA,Uganda,country,2023,.47600001,.0045222426,.001689202,.00070125598,.0021052435
UKR,Ukraine,country,2023,,,,,
URY,Uruguay,country,2023,.78200001,.014973457,.0094703967,.0073532132,0
USA,United States of America,country,2023,.83099997,.0077840192,.0063777487,.0048603332,.0048366999
UZB,Uzbekistan,country,2023,.70899999,-.0022291276,-.0066359318,-.011484694,.0085348245
VCT,Saint Vincent and the Grenadines,country,2023,,,,,
VEN,Venezuela (Bolivarian Republic of),country,2023,.48799998,-.0036155924,-.009555893,.00068397855,0
VNM,Viet Nam,country,2023,.70099998,.0061975494,.0061015445,.0062591899,.0014285507
VUT,Vanuatu,country,2023,.44400001,.082477048,.17175655,.2959381,.013698572
WSM,Samoa,country,2023,.58399999,,,.0075321519,0
YEM,Yemen,country,2023,.162,,-.015319383,-.055059157,.0062110587
ZAF,South Africa,country,2023,.61199999,.0067822174,.0023033998,.0016393673,.0049261688
ZMB,Zambia,country,2023,.47600001,.010686168,.0021141793,-.00069929531,.0021052435
ZWE,Zimbabwe,country,2023,.48100001,.0066842157,.00041631781,0,.002083323
ZZA.VHHD,Very high human development,benchmark,2023,.875,.0073763547,.0060511813,.0050020129,.0011441542
ZZB.HHD,High human development,benchmark,2023,.66600001,.0066966363,.0018116175,.002515096,.0015038223
ZZC.MHD,Medium human development,benchmark,2023,.48699999,.013472423,.015928846,.011197548,.02096433
ZZD.LHD,Low human development,benchmark,2023,.42900002,.008803254,.0076308488,.0054989499,.0046838797
ZZK.WORLD,World,world,2023,.54499996,.0074525299,.0044628009,.00245851,.0036832406
