iso3,area_name,area_type,year_latest_value,gnipc,gr_gnipc_P10,gr_gnipc_P5,gr_gnipc_P3,gr_gnipc_P1
AFG,Afghanistan,country,2023,1971.5494,-.048631545,-.064988688,-.11011212,.0054071173
AGO,Angola,country,2023,6631.2764,-.034533385,-.036855552,-.016972141,-.029962262
ALB,Albania,country,2023,17627.395,.03199346,.035391234,.065954946,.040260982
AND,Andorra,country,2023,64631.074,.012055772,.0049706567,.052154932,.011232045
ARE,United Arab Emirates,country,2023,71142.305,-.00085870089,-.002975035,.014929815,.0045795077
ARG,Argentina,country,2023,25876.053,-.01089092,-.0045094551,.037781455,-.027482605
ARM,Armenia,country,2023,20220.723,.041610677,.048348263,.089407437,.1066004
ATG,Antigua and Barbuda,country,2023,27386.518,.011899331,-.0028788056,.061451919,.036045313
AUS,Australia,country,2023,58276.875,.012119476,.019577954,.026764225,.00035196776
AUT,Austria,country,2023,63479.207,.0017306027,-.003818261,.0078280391,-.013905217
AZE,Azerbaijan,country,2023,20667.957,.0077900426,.021778408,.03312448,.008636361
BDI,Burundi,country,2023,858.91559,-.014922971,-.0088351546,-.0028084344,-.0024574553
BEL,Belgium,country,2023,63582.477,.0085343085,.0072098956,.022116728,.021764573
BEN,Benin,country,2023,3805.5276,.024448751,.032742005,.038864095,.037957963
BFA,Burkina Faso,country,2023,2390.5278,.017576113,.012549384,.014971437,.0072142184
BGD,Bangladesh,country,2023,8497.6582,.055907652,.050519239,.054037008,.047235698
BGR,Bulgaria,country,2023,32174.93,.03698834,.043969385,.071291387,.022664368
BHR,Bahrain,country,2023,52818.797,.0035454512,.0097551066,.027119081,-.012623542
BHS,Bahamas,country,2023,30974.682,.0016566633,.0053740381,.097140573,.038464904
BIH,Bosnia and Herzegovina,country,2023,19827.486,.03937326,.038289428,.056726016,.033846274
BLR,Belarus,country,2023,26724.871,.0056348657,.0097294915,.013471252,.048900887
BLZ,Belize,country,2023,12343.078,.0098602688,.030693088,.085789979,.043622576
BOL,Bolivia (Plurinational State of),country,2023,9445.2451,.018020671,-.0029444178,.023433834,.016759528
BRA,Brazil,country,2023,18011.285,-.0035761632,.010581487,.027377388,.023743605
BRB,Barbados,country,2023,17327.52,.0027616418,.0089419102,.058607183,.026580805
BRN,Brunei Darussalam,country,2023,75826.875,-.011805015,-.0087439343,-.031353232,.0061624805
BTN,Bhutan,country,2023,13842.804,.029761087,.018379951,.043508124,.038115367
BWA,Botswana,country,2023,16983.771,.011398511,.021032646,.039022624,.010594786
CAF,Central African Republic,country,2023,1099.8607,.012052299,-.010617895,-.0092264106,.0036664302
CAN,Canada,country,2023,54688.418,.0036748534,.0019525492,.024052495,-.039745484
CHE,Switzerland,country,2023,81948.898,.0026977623,.010474707,.032190543,-.0054724137
CHL,Chile,country,2023,28047.17,.0058894292,.0024245041,.042528678,-.0029700908
CHN,China,country,2023,22029.223,.056415603,.048159525,.056454286,.054592032
CIV,Côte d’Ivoire,country,2023,6735.4165,.067264937,.025383962,.035995912,.029802922
CMR,Cameroon,country,2023,4746.2656,.0089090997,.0015931408,.0097749438,.017951936
COD,Democratic Republic of the Congo,country,2023,1431.048,.027507722,.021346139,.032401059,.067280203
COG,Congo,country,2023,5902.5991,-.036900282,-.024101697,-.024448782,.016488058
COL,Colombia,country,2023,18665.949,.018145723,.02014285,.054680873,.018801734
COM,Comoros,country,2023,3481.1213,.0029224099,-.0020195567,.0042953291,.0057125515
CPV,Cabo Verde,country,2023,8165.3794,.017856704,.017034365,.094353594,.050988611
CRI,Costa Rica,country,2023,23417.213,.020100821,.013504759,.034166433,.048783861
CUB,Cuba,country,2023,8415.4121,.001206935,-.017947456,.0082577597,-.015741073
CYP,Cyprus,country,2023,45394.156,.020841133,.010107039,.030814325,-.023156591
CZE,Czechia,country,2023,45889.016,.022271596,.0065018348,.016697794,.013783165
DEU,Germany,country,2023,64053.223,.0086777247,-.0005655596,.0083353287,.0068324702
DJI,Djibouti,country,2023,6367.606,.034728289,.025851496,.039362554,.014159327
DMA,Dominica,country,2023,16001.126,.010768089,.010443099,.0509101,.034498196
DNK,Denmark,country,2023,76007.859,.021291012,.02527112,.041054279,.013898223
DOM,Dominican Republic,country,2023,22023.51,.038176153,.023611421,.055506308,.0066414103
DZA,Algeria,country,2023,15114.172,.0029274791,-.0014908158,.021811346,.036501892
ECU,Ecuador,country,2023,13986.397,.0032433539,.0038189192,.053114299,.0064427084
EGY,Egypt,country,2023,16218.135,.022546267,.024008807,.023826595,.010414576
ERI,Eritrea,country,2023,2029.0701,.012073291,.0062047974,.0097139562,.0099478168
ESP,Spain,country,2023,46008.441,.01402867,.0011148942,.037316725,.024973528
EST,Estonia,country,2023,40880.93,.025199059,.0093087684,.0038092183,-.049901318
ETH,Ethiopia,country,2023,2795.5071,.049961403,.036846139,.032578461,.040506549
FIN,Finland,country,2023,57067.637,.007357351,-.00034707721,-.0011269255,-.023007525
FJI,Fiji,country,2023,12843.159,.018315369,.0034060176,.071109198,.069747746
FRA,France,country,2023,55060.16,.00632984,-.00042753614,.024671854,-.0021034975
FSM,Micronesia (Federated States of),country,2023,4245.8784,.0023603595,.0019680292,.00006071911,-.0014275842
GAB,Gabon,country,2023,18854.061,-.014208077,-.029109871,-.050646126,-.0037314242
GBR,United Kingdom of Great Britain and Northern Ireland,country,2023,54371.586,.010009654,.0037681826,.043665703,-.016036708
GEO,Georgia,country,2023,20752.57,.042681571,.046096575,.085883528,.062854178
GHA,Ghana,country,2023,6846.3521,.023863114,.029584331,.021908473,.045939159
GIN,Guinea,country,2023,3494.3477,.02588921,.0062227417,.013036411,.023986738
GMB,Gambia,country,2023,2812.0176,.012155866,.019313997,.026107393,.029040607
GNB,Guinea-Bissau,country,2023,2403.0593,.019331204,.028384086,.025952138,.019491322
GNQ,Equatorial Guinea,country,2023,12762.469,-.052200079,-.036263105,-.034463804,-.088187084
GRC,Greece,country,2023,35760.75,.014593683,.019361144,.056401562,.036473226
GRD,Grenada,country,2023,14349.028,.018209906,.0023264249,.043853834,.033488438
GTM,Guatemala,country,2023,12458.604,.019728875,.020617921,.037188455,.023633288
GUY,Guyana,country,2023,46959.25,.16495527,.31257513,.36599657,.32257184
HKG,"China, Hong Kong Special Administrative Region",country,2023,69435.758,.014745123,-.00023972498,.026876185,.022207059
HND,Honduras,country,2023,6064.7856,.014455231,.011896725,.053173557,.026784461
HRV,Croatia,country,2023,41379.891,.04130258,.047320195,.087228879,.02966151
HTI,Haiti,country,2023,2934.9258,-.013754692,-.033551745,-.030205995,-.03134384
HUN,Hungary,country,2023,37236.074,.026673425,.014484932,.011618516,-.0096831527
IDN,Indonesia,country,2023,13700.13,.032804154,.026361331,.039628897,.045288004
IND,India,country,2023,9046.7559,.04750149,.033551712,.07256718,.067378424
IRL,Ireland,country,2023,90884.633,.063199066,.045522295,.053449128,.033697408
IRN,Iran (Islamic Republic of),country,2023,16095.771,-.0058410098,.014304802,.053052034,.042198312
IRQ,Iraq,country,2023,12653.524,-.0069223023,-.023290915,.0015464649,-.042340923
ISL,Iceland,country,2023,69116.938,.018455027,.0069574951,.037529107,.050074909
ISR,Israel,country,2023,48050.113,.026242118,.02516357,.043164849,.0029100718
ITA,Italy,country,2023,52388.883,.012047376,.0096761454,.036594152,.029254077
JAM,Jamaica,country,2023,10056.985,.0068993978,.0042262441,.040180627,.024879694
JOR,Jordan,country,2023,9221.8721,-.013968974,.00046473808,.010742255,.0097431652
JPN,Japan,country,2023,47774.609,.00844419,.0035731103,.01717883,.023967206
KAZ,Kazakhstan,country,2023,30988.529,.010352907,.010449266,.00072855456,.02783766
KEN,Kenya,country,2023,5608.2959,.03555052,.024558373,.039520171,.032639187
KGZ,Kyrgyzstan,country,2023,6078.1177,.015560284,.005692218,.033843316,.043846536
KHM,Cambodia,country,2023,4931.0166,.042445727,.028513452,.037499424,.069111332
KIR,Kiribati,country,2023,4947.2803,.028887525,.020490032,.037022628,.025025336
KNA,Saint Kitts and Nevis,country,2023,29105.438,.013987185,.0018942632,.044486169,.025045864
KOR,Republic of Korea,country,2023,49726.453,.021354225,.009470297,.016101019,.017500615
KWT,Kuwait,country,2023,56612.047,-.020900939,-.013653906,.0016658657,-.031654641
LAO,Lao People's Democratic Republic,country,2023,8106.1533,.040267728,.024364928,.025430769,.03406518
LBN,Lebanon,country,2023,11298.888,-.037229043,-.067435332,-.024126515,-.035845563
LBR,Liberia,country,2023,1537.8594,-.0088317525,-.0032609107,.026568567,.024751661
LBY,Libya,country,2023,19831.432,.0041797967,.0070567955,.39365372,.085501119
LCA,Saint Lucia,country,2023,20899.781,.0035197064,-.0040428233,.085428655,.017546223
LIE,Liechtenstein,country,2023,166811.67,.028501976,-.0072914031,-.01743765,.010575511
LKA,Sri Lanka,country,2023,12615.601,.0062954831,-.025846481,-.022440867,-.022841662
LSO,Lesotho,country,2023,3029.3857,-.0068935114,-.01851335,.003601185,.020344839
LTU,Lithuania,country,2023,41916.465,.024057735,.0013557079,-.018660355,-.0096491519
LUX,Luxembourg,country,2023,85461.25,-.0060984814,-.014549566,-.015646577,-.062347509
LVA,Latvia,country,2023,37997.824,.03300757,.02264096,.032283079,.009959856
MAR,Morocco,country,2023,8652.8809,.01133061,.004535439,.028533528,.019981947
MCO,Monaco,country,2023,,,,,
MDA,Republic of Moldova,country,2023,15866.542,.027440062,.017419107,.041903492,.037972812
MDG,Madagascar,country,2023,1655.7646,.0039086714,-.00085574709,.022832619,.018664747
MDV,Maldives,country,2023,19317.318,.020680996,.0043946225,.14284173,.0046178303
MEX,Mexico,country,2023,21812.656,.0053994469,-.000069615802,.038981337,.022398148
MHL,Marshall Islands,country,2023,7223.8608,.035601381,.017094502,-.012020397,-.010263813
MKD,North Macedonia,country,2023,22128.395,.023323387,.01910045,.02776774,.007532692
MLI,Mali,country,2023,2341.5881,.010299191,-.0052626878,.0059673903,.013961076
MLT,Malta,country,2023,52155.074,.030394806,.021311171,.067408621,.025964204
MMR,Myanmar,country,2023,4918.8105,.02359961,-.00080114685,-.0082352133,.019357644
MNE,Montenegro,country,2023,28026.33,.029578343,.025117816,.084922239,.05093148
MNG,Mongolia,country,2023,14787.082,.011871635,.0055199782,.02198839,.080711424
MOZ,Mozambique,country,2023,1355.7671,-.0011051742,-.018455409,-.015117604,.014467904
MRT,Mauritania,country,2023,6267.4707,.01137517,.00094801985,.013433237,.01314913
MUS,Mauritius,country,2023,27279.961,.024329858,.0073618665,.057724517,.10182583
MWI,Malawi,country,2023,1633.6926,.0034796079,-.0036000144,-.008485036,-.010140628
MYS,Malaysia,country,2023,32553.092,.027075723,.01718355,.037881747,.029202055
NAM,Namibia,country,2023,10916.608,-.0081591662,-.011629616,.01103083,.016201157
NER,Niger,country,2023,1590.188,.016300982,.010446471,.019537181,.047568824
NGA,Nigeria,country,2023,5569.375,-.0048986222,-.00015524613,.0053948122,.0057115923
NIC,Nicaragua,country,2023,6881.4795,.013732214,.012585404,.053346992,.051870003
NLD,Netherlands (Kingdom of the),country,2023,68344.305,.01250265,.0072221905,.032534476,-.0032353404
NOR,Norway,country,2023,112710.02,.027108438,.052851532,.12883514,-.006556855
NPL,Nepal,country,2023,4725.9307,.031237587,.017483732,.023702601,.013963009
NRU,Nauru,country,2023,19642.377,.074681297,.093782589,.092170015,.040061597
NZL,New Zealand,country,2023,47259.602,.01528139,.0095257508,.012224563,-.00067020836
OMN,Oman,country,2023,36096.043,-.0087258788,-.0028344914,.00994894,-.015176776
PAK,Pakistan,country,2023,5501.1328,.02100694,.0057543702,.01797588,-.023149138
PAN,Panama,country,2023,34384.566,.028638717,.022993287,.099405035,.059211414
PER,Peru,country,2023,14338.71,.007685096,-.0029835925,.029881822,.0035262145
PHL,Philippines,country,2023,10731.204,.029141596,.012792466,.056797907,.087765418
PLW,Palau,country,2023,16034.511,-.0064544333,-.037815485,-.053795818,.020610524
PNG,Papua New Guinea,country,2023,3970.6477,.013224111,-.0042443546,.0037297651,.0081901336
POL,Poland,country,2023,42217.637,.04015553,.03691338,.052161958,.0020926406
PRK,Democratic People's Republic of Korea,country,2023,,,,,
PRT,Portugal,country,2023,41063.926,.020970426,.015076626,.039683428,.030003291
PRY,Paraguay,country,2023,15252.22,.015411144,.0028551731,.017881069,.035225555
PSE,State of Palestine,country,2023,6547.0986,-.0043308618,-.026614668,.01260401,-.073243208
QAT,Qatar,country,2023,105353.27,-.019046828,-.0088980123,.00019297871,-.010782814
ROU,Romania,country,2023,39374.254,.03940171,.025967726,.038643181,.024230905
RUS,Russian Federation,country,2023,39221.684,.006856475,.017226817,.03005961,.046948105
RWA,Rwanda,country,2023,2970.5596,.040602114,.044176593,.067105144,.059337687
SAU,Saudi Arabia,country,2023,50298.914,.0069489479,.0070131943,.029792121,-.022006331
SDN,Sudan,country,2023,2810.312,-.013404932,-.058890823,-.059912834,-.13107847
SEN,Senegal,country,2023,4202.0308,.022596782,.010913461,.013443224,.0071637905
SGP,Singapore,country,2023,111239.23,.010470852,.0085490234,.027796492,.023779729
SLB,Solomon Islands,country,2023,2777.2668,-.0028063899,-.0054327673,-.00001080825,.016516658
SLE,Sierra Leone,country,2023,1713.7278,-.011450131,.012603366,.030312594,.034147527
SLV,El Salvador,country,2023,10594.842,.01838704,.019615486,.053831968,.027685737
SMR,San Marino,country,2023,64706.375,.013231166,.023951583,.05869906,.11479254
SOM,Somalia,country,2023,1474.7384,-.0010191489,-.0071598948,.0064750225,.013784132
SRB,Serbia,country,2023,23114.809,.032203507,.041720547,.047127508,.023785587
SSD,South Sudan,country,2023,688.34729,-.0044194502,-.011369712,-.045300897,-.018689211
STP,Sao Tome and Principe,country,2023,5583.4233,.011169843,-.0010136232,-.010995368,-.015855584
SUR,Suriname,country,2023,17344.387,-.02477761,-.033746663,.0096828211,.017545253
SVK,Slovakia,country,2023,36792.988,.014486092,.0024663773,.0076198136,.0090750875
SVN,Slovenia,country,2023,46360.809,.023693815,.011072355,.021027194,.019598762
SWE,Sweden,country,2023,66102.086,.01332374,.012651073,.021081075,-.014863033
SWZ,Eswatini,country,2023,9919.085,.014913716,.026656192,.058585644,-.10110096
SYC,Seychelles,country,2023,29195.037,.022635791,-.014364784,.0017563013,.054650366
SYR,Syrian Arab Republic,country,2023,3917.7024,-.025046263,-.03166905,-.040880978,-.089562573
TCD,Chad,country,2023,1748.001,-.019133359,-.017123314,-.013079816,.011042078
TGO,Togo,country,2023,2855.9639,.024016717,.02583731,.03556836,.039399229
THA,Thailand,country,2023,20569.902,.018611511,.0065912991,.017121274,.01929543
TJK,Tajikistan,country,2023,5746.5688,.047427569,.063550554,.081751168,.06087238
TKM,Turkmenistan,country,2023,17715.582,.035399228,.047736775,.040982798,.049138989
TLS,Timor-Leste,country,2023,5434.5947,-.075011559,-.017693991,-.13655643,-.0046374225
TON,Tonga,country,2023,7438.21,.019955587,.002992521,-.0058918586,.064320877
TTO,Trinidad and Tobago,country,2023,27000.145,-.021960815,-.020495519,.0051104031,.018510295
TUN,Tunisia,country,2023,12011.388,.0019729023,-.0087917671,.019638956,-.0091219964
TUR,Türkiye,country,2023,34506.98,.036074955,.042787872,.069027729,.048089951
TUV,Tuvalu,country,2023,7005.521,.030194854,.020302609,.011169041,.030872982
TZA,United Republic of Tanzania,country,2023,3514.6328,.020908844,.011545326,.016777627,.020291321
UGA,Uganda,country,2023,2736.4099,.014247973,.014665384,.013693416,.025034623
UKR,Ukraine,country,2023,16933.145,-.0060753534,-.0063271737,-.016891515,.055428129
URY,Uruguay,country,2023,28649.822,.0071868426,.0044459659,.029786881,.029580012
USA,United States of America,country,2023,73650.031,.017518761,.014837933,.029340787,.0089971423
UZB,Uzbekistan,country,2023,8825.7305,.034351308,.028981237,.043444436,.038682804
VCT,Saint Vincent and the Grenadines,country,2023,17246.637,.025924284,.020570034,.045163736,.067725599
VEN,Venezuela (Bolivarian Republic of),country,2023,7157.0801,-.10587004,-.089546427,.061114885,.054821365
VNM,Viet Nam,country,2023,13032.636,.04896931,.043727085,.042112511,.04343548
VUT,Vanuatu,country,2023,3403.6902,.0082011903,-.00041133046,-.0065745399,-.015666917
WSM,Samoa,country,2023,5952.0171,.00015307644,-.017813709,-.024708008,.080061287
YEM,Yemen,country,2023,1018.2006,-.10318891,-.025828086,-.034105238,-.048253987
ZAF,South Africa,country,2023,13693.988,-.00058900646,-.0021111108,.011256476,-.0090917563
ZMB,Zambia,country,2023,3446.6758,-.0043769139,-.0095297629,.013351411,.030158503
ZWE,Zimbabwe,country,2023,3511.4631,.0059372988,-.0071285539,.051377907,.047876071
ZZA.VHHD,Very high human development,benchmark,2023,53014.293,.014361681,.011915061,.030120188,.011665147
ZZB.HHD,High human development,benchmark,2023,18405.164,.033217035,.03040316,.045368422,.042599931
ZZC.MHD,Medium human development,benchmark,2023,7822.4697,.035685528,.025101783,.053658117,.048623841
ZZD.LHD,Low human development,benchmark,2023,3006.7114,.01062052,-.000068662193,.0059195836,-.011321343
ZZK.WORLD,World,world,2023,20327.309,.019070808,.015469925,.033625118,.022553191
