iso3,area_name,area_type,year_latest_value,ihdi,gr_ihdi_P10,gr_ihdi_P5,gr_ihdi_P3,gr_ihdi_P1
AFG,Afghanistan,country,2023,.32100001,.00031206707,-.0024737467,-.0071650315,.0062695961
AGO,Angola,country,2023,.36000001,,-.0117932,.0056181219,.0027856214
ALB,Albania,country,2023,.70499998,.0021529333,.0046018544,.0067083933,.0057061673
AND,Andorra,country,2023,.83700001,,.011881592,.03088614,.021978039
ARE,United Arab Emirates,country,2023,.866,,.017511846,.012629596,.022432107
ARG,Argentina,country,2023,.76099998,.0026668194,.0029162706,.0084636528,.0092837848
ARM,Armenia,country,2023,.74299997,.0078669582,.010268528,.02349373,.013642563
ATG,Antigua and Barbuda,country,2023,,,,,
AUS,Australia,country,2023,.87300003,.0033840253,.0030051444,.0034602359,.0069204667
AUT,Austria,country,2023,.861,.0021149903,.00023244935,.00077548873,.0034965319
AZE,Azerbaijan,country,2023,.73500001,.0090014907,.0049712495,.015912844,.0082305167
BDI,Burundi,country,2023,.28600001,.001409462,.0056902762,.0058963601,.0070421738
BEL,Belgium,country,2023,.89099997,.0048402008,.0057081277,.0068261293,.013651838
BEN,Benin,country,2023,.31600001,,,.0085840989,.0095846495
BFA,Burkina Faso,country,2023,.273,.010058599,-.0099522341,-.0072204596,.0073801675
BGD,Bangladesh,country,2023,.48199999,.017056921,.01383413,.014959479,.0062629986
BGR,Bulgaria,country,2023,.74800003,.0039619976,.0062658172,.011395712,.020463927
BHR,Bahrain,country,2023,,,,,
BHS,Bahamas,country,2023,.67000002,.0033442862,.0045387796,.01119118,.0090362346
BIH,Bosnia and Herzegovina,country,2023,.68900001,.010608054,.0086373715,.009867426,.01174746
BLR,Belarus,country,2023,.77100003,.0018341921,.00078004011,.0039216084,0
BLZ,Belize,country,2023,,,,,
BOL,Bolivia (Plurinational State of),country,2023,.57800001,.012992923,.0099805892,.027385777,.010489439
BRA,Brazil,country,2023,.59399998,.0097637307,.0030581648,-.0022346405,.0084889596
BRB,Barbados,country,2023,.62,.002286559,.0019467921,.0037920268,.0048622596
BRN,Brunei Darussalam,country,2023,.75599998,.0010643988,.0010615735,.0017699151,.016128991
BTN,Bhutan,country,2023,.47799999,.015711704,.019971404,.022602357,.0063157803
BWA,Botswana,country,2023,.509,,.0076375389,.0073092375,.0039447062
CAF,Central African Republic,country,2023,.25299999,,,,
CAN,Canada,country,2023,.86699998,.0022182907,.0018557222,.0030947833,.0058004647
CHE,Switzerland,country,2023,.89399999,.001125503,.0011223351,.0033784055,.0044943877
CHL,Chile,country,2023,.72299999,.0029519261,-.00027639026,.01035369,.011188829
CHN,China,country,2023,.67000002,.010591757,.0082605351,.0060424637,.0014947489
CIV,Côte d’Ivoire,country,2023,.34999999,.021475988,.029259967,.017755207,.0324484
CMR,Cameroon,country,2023,.361,.0042529404,.005062141,.0074979817,.014044965
COD,Democratic Republic of the Congo,country,2023,.34099999,.017035685,.012793457,.013040598,.014880978
COG,Congo,country,2023,.426,.0053165243,.0042797574,.0047394135,.0070921751
COL,Colombia,country,2023,.59299999,.0043165837,-.0020114074,.010914129,.010221452
COM,Comoros,country,2023,.35600001,,.012839699,.014452868,.0028169418
CPV,Cabo Verde,country,2023,.47799999,,.0029548826,.012144041,.0063157803
CRI,Costa Rica,country,2023,.67799997,.0062572495,.0057009342,.0049653132,.013452808
CUB,Cuba,country,2023,,,,,
CYP,Cyprus,country,2023,.84100002,.0084669087,.0060537211,.0080551337,.019393979
CZE,Czechia,country,2023,.86699998,.0028111453,.0025569799,.0054412261,.0046350006
DEU,Germany,country,2023,.88999999,.0015867949,.0027186538,.0033936934,.0056497161
DJI,Djibouti,country,2023,.34099999,.017744666,.01090505,.012013177,.0088757854
DMA,Dominica,country,2023,,,,,
DNK,Denmark,country,2023,.90899998,,.0037829215,.00406658,.0055309716
DOM,Dominican Republic,country,2023,.634,.012850865,.0064313882,.0063899597,-.0031446144
DZA,Algeria,country,2023,.60100001,.0060181259,.0047251526,.010187451,.0033389516
ECU,Ecuador,country,2023,.63999999,.0053079762,.0041127629,.018923365,.0078740045
EGY,Egypt,country,2023,.58200002,.008833698,.0084578581,.0087417364,.0051813978
ERI,Eritrea,country,2023,,,,,
ESP,Spain,country,2023,.81900001,,.0095470678,.01552912,.030188652
EST,Estonia,country,2023,.84100002,,.0014330244,.00079398067,.0047789798
ETH,Ethiopia,country,2023,.32600001,.015327056,.012742992,.0093755797,.0092879049
FIN,Finland,country,2023,.89099997,.0013568688,.00022461552,-.0003738474,.0033783407
FJI,Fiji,country,2023,.62599999,,,,.0048153633
FRA,France,country,2023,.83600003,.0027936457,.0048546083,.0064622299,.014563144
FSM,Micronesia (Federated States of),country,2023,,,,,
GAB,Gabon,country,2023,.55800003,.0088377688,.0058355662,.0024009713,.0054054395
GBR,United Kingdom of Great Britain and Northern Ireland,country,2023,.86900002,.0013914899,.0018514376,.0058208681,0
GEO,Georgia,country,2023,.75400001,.0089095328,.0084319813,.011302959,.0066755512
GHA,Ghana,country,2023,.39899999,.0092230216,.014112143,.012854859,.0075756917
GIN,Guinea,country,2023,.30199999,.015087214,.015242468,.010135771,.0066666109
GMB,Gambia,country,2023,.329,.017352864,.0093766302,.0040858383,.012307665
GNB,Guinea-Bissau,country,2023,.331,.023262883,.035515584,.012385143,.0060790027
GNQ,Equatorial Guinea,country,2023,,,,,
GRC,Greece,country,2023,.82499999,.0070540044,.0076893871,.01115334,.026119361
GRD,Grenada,country,2023,,,,,
GTM,Guatemala,country,2023,.479,,.0050871707,.0092138536,.010548526
GUY,Guyana,country,2023,,,,,
HKG,"China, Hong Kong Special Administrative Region",country,2023,.83899999,.0041454094,.0011961753,.0027966443,.0059952023
HND,Honduras,country,2023,.49599999,.010005018,.0078424728,.011692925,.0040485933
HRV,Croatia,country,2023,.82800001,.0076819891,.0079139452,.010271892,.0072992458
HTI,Haiti,country,2023,.33700001,.0045635207,0,.0019860892,.008982107
HUN,Hungary,country,2023,.81900001,.0047621946,.004454521,.006180617,.0061424947
IDN,Indonesia,country,2023,.60799998,.010076079,.0094739497,.01351514,.0049585747
IND,India,country,2023,.47499999,.017588224,.017282149,.0227517,.01495726
IRL,Ireland,country,2023,.88599998,.0058257319,.0025017315,.0011312078,.0045350869
IRN,Iran (Islamic Republic of),country,2023,.64300001,.0057782261,.0047320696,.012215764,.0078369696
IRQ,Iraq,country,2023,.53399998,.0059984825,.0030234773,.0082490863,0
ISL,Iceland,country,2023,.92299998,.003085301,.0019616552,.0040044035,.0098468326
ISR,Israel,country,2023,.81300002,.0033831431,.0014825952,.0016454172,-.0036764198
ITA,Italy,country,2023,.81699997,.0046452731,.007766454,.010413066,.022528095
JAM,Jamaica,country,2023,.58999997,.0032786953,.0013614616,.0045610457,.0016977878
JOR,Jordan,country,2023,.63700002,.0050014369,.004777303,.0090575153,.015949035
JPN,Japan,country,2023,.84500003,.00059365662,.0019043257,.0015829104,.0047562518
KAZ,Kazakhstan,country,2023,.76599997,.0055162054,.0026316161,.0048331115,.0078947302
KEN,Kenya,country,2023,.456,.021118892,.015137555,.018185781,.0044052792
KGZ,Kyrgyzstan,country,2023,.64899999,.0067128222,.0034247257,.0099535054,.004643878
KHM,Cambodia,country,2023,.44400001,.0084915916,.0078386758,.0068495339,.009090906
KIR,Kiribati,country,2023,.53500003,,.01041089,.0075904452,.0037524595
KNA,Saint Kitts and Nevis,country,2023,,,,,
KOR,Republic of Korea,country,2023,.85699999,.0047913273,.0040152511,.0051081511,.013002337
KWT,Kuwait,country,2023,,,,,
LAO,Lao People's Democratic Republic,country,2023,.46200001,.0081455577,.0013037949,.0021739355,.0043478678
LBN,Lebanon,country,2023,,,,,
LBR,Liberia,country,2023,.32600001,.010385319,.0094654355,.010439188,.0092879049
LBY,Libya,country,2023,,,,,
LCA,Saint Lucia,country,2023,.523,,.0011511988,.0032072128,.0019156781
LIE,Liechtenstein,country,2023,,,,,
LKA,Sri Lanka,country,2023,.63,.0050585768,.0012747002,-.0010559841,0
LSO,Lesotho,country,2023,.35699999,.021709833,.0056983568,.0095152892,.0084745325
LTU,Lithuania,country,2023,.81199998,.004415717,.0037360906,.0016474322,.012468827
LUX,Luxembourg,country,2023,.838,-.00011925135,.0028888357,.0028000262,.0072115166
LVA,Latvia,country,2023,.81199998,.0057176319,.0050002448,.0045568091,.0099501945
MAR,Morocco,country,2023,.51700002,.014882042,.0099621313,.014600597,.0097656148
MCO,Monaco,country,2023,,,,,
MDA,Republic of Moldova,country,2023,.71899998,.0050028116,.0039404514,.0070524076,.0013927374
MDG,Madagascar,country,2023,.31900001,-.0012453543,-.0049415641,.0042149993,.0063091824
MDV,Maldives,country,2023,.602,.02038282,.0088690622,.017185457,.0016638754
MEX,Mexico,country,2023,.64600003,.0092801359,.0050285524,.01488,.010954671
MHL,Marshall Islands,country,2023,.62599999,,,.0064726528,.0032050901
MKD,North Macedonia,country,2023,.72299999,.0082457634,.0013888935,.01422665,.0013850378
MLI,Mali,country,2023,.28099999,.011354155,.003597229,.0096741151,.0071684727
MLT,Malta,country,2023,.84299999,.0048730616,.0023895097,.0055978731,.0083731627
MMR,Myanmar,country,2023,.477,,.0051088217,.0014015513,.0063290964
MNE,Montenegro,country,2023,.77100003,.0063095274,.0068844296,.0092475703,.014473739
MNG,Mongolia,country,2023,.64700001,.0023484433,-.003970807,.0046802568,.0077881627
MOZ,Mozambique,country,2023,.29699999,.010327482,.020001572,.021058802,.0067797811
MRT,Mauritania,country,2023,.37400001,.0052274186,.00053561956,.00631784,.0053763152
MUS,Mauritius,country,2023,.66900003,.0060245064,.0045456598,.0096501932,.015174586
MWI,Malawi,country,2023,.36500001,.01261347,.011334348,.0064756628,.011080286
MYS,Malaysia,country,2023,.70700002,.0072084339,.0019920554,.0014184432,.011444925
NAM,Namibia,country,2023,.43799999,.0093693752,.0093913106,.010887335,.02816903
NER,Niger,country,2023,.26499999,.01338808,.013348528,.012904667,.011450381
NGA,Nigeria,country,2023,.37900001,.01394063,.01489079,.015414957,.0079787495
NIC,Nicaragua,country,2023,.53500003,.0059869038,.0057038115,.015416712,.0094341002
NLD,Netherlands (Kingdom of the),country,2023,.89200002,.002270249,.0036265752,.0068183951,.0011223813
NOR,Norway,country,2023,.90899998,.0012182415,.00066136825,-.00036645171,.0055309716
NPL,Nepal,country,2023,.43700001,.011963784,.011361185,.016551457,.028235279
NRU,Nauru,country,2023,.59899998,,,,.0050334823
NZL,New Zealand,country,2023,.85299999,,,-.0011695981,.0070838016
OMN,Oman,country,2023,.75,.013945957,.0056960606,.013231453,.01488494
PAK,Pakistan,country,2023,.36399999,.0092443638,.0061560511,.0064937002,0
PAN,Panama,country,2023,.66399997,.0060714022,.0058232523,.012874722,.0060605034
PER,Peru,country,2023,.63300002,.0098321261,.0074297595,.023148661,.0047619413
PHL,Philippines,country,2023,.597,.0076853,.0057945359,.0096762013,.008445981
PLW,Palau,country,2023,.616,,-.0057438421,-.0053534247,.0016259941
PNG,Papua New Guinea,country,2023,.42300001,,.011750668,.01376693,.0095465593
POL,Poland,country,2023,.81699997,.0042596837,.001969961,.0091404933,.0024539491
PRK,Democratic People's Republic of Korea,country,2023,,,,,
PRT,Portugal,country,2023,.79500002,.0092596542,.0093111536,.0093982564,.019230833
PRY,Paraguay,country,2023,.59899998,.0051513342,.0023537518,.0033613585,.01182429
PSE,State of Palestine,country,2023,.53799999,-.0071458812,-.019278914,-.030833816,-.1107439
QAT,Qatar,country,2023,,,,,
ROU,Romania,country,2023,.75800002,.0055762455,.0064556184,.0089530498,.012016033
RUS,Russian Federation,country,2023,.75800002,.003086041,-.0023578994,.0062334696,.0066401204
RWA,Rwanda,country,2023,.39899999,.020099446,.017415518,.016396334,.017857105
SAU,Saudi Arabia,country,2023,,,,,
SDN,Sudan,country,2023,.32800001,.0092999851,.00061087182,0,-.0090634059
SEN,Senegal,country,2023,.34,.0083085708,.0096870493,.0079684956,.0089021241
SGP,Singapore,country,2023,.82300001,.002463182,.0024480068,.0016253622,.0048840167
SLB,Solomon Islands,country,2023,.48300001,.0025190259,.001664592,.0041754153,.0041579981
SLE,Sierra Leone,country,2023,.28099999,.011757965,.010273634,.013399893,.010791416
SLV,El Salvador,country,2023,.55500001,.0073127518,.0062413225,.017405605,.009090906
SMR,San Marino,country,2023,,,,,
SOM,Somalia,country,2023,.229,,,,.090476207
SRB,Serbia,country,2023,.77200001,.011733333,.01014623,.013755057,.0091503626
SSD,South Sudan,country,2023,.226,.0040720296,.018704554,-.0072677191,.0044444329
STP,Sao Tome and Principe,country,2023,.47799999,.006502795,.0063971058,.0063560884,.0042016315
SUR,Suriname,country,2023,,,,,
SVK,Slovakia,country,2023,.833,.0039249533,.0029063267,.0048485687,.010922343
SVN,Slovenia,country,2023,.88499999,.0038073401,.0022753335,.0045610508,.0079726214
SWE,Sweden,country,2023,.88599998,.0015940223,.0013599291,.00037650153,.0011299298
SWZ,Eswatini,country,2023,.43099999,.021620981,.02124303,.026049066,.0023255525
SYC,Seychelles,country,2023,.755,,,-.00088146201,.016150765
SYR,Syrian Arab Republic,country,2023,,,,,
TCD,Chad,country,2023,.252,.0141347,.022924559,.01081166,.012048244
TGO,Togo,country,2023,.36300001,.018567873,.017401764,.013196637,.01114212
THA,Thailand,country,2023,.67699999,.0077019827,.0029806781,.00098666514,.010447701
TJK,Tajikistan,country,2023,.59399998,.0059116553,.0079292925,.015031129,.0084889596
TKM,Turkmenistan,country,2023,,,,,
TLS,Timor-Leste,country,2023,.45100001,.0020177788,.0054081483,-.0058438224,.0044543114
TON,Tonga,country,2023,.68199998,,,.0019627179,.0073855114
TTO,Trinidad and Tobago,country,2023,,,,,
TUN,Tunisia,country,2023,.59500003,.0084467381,.0040831612,.009709361,.010186829
TUR,Türkiye,country,2023,.708,.0070451237,.0031366444,.00571443,-.007012608
TUV,Tuvalu,country,2023,.57800001,,,.0052448483,.0052174064
TZA,United Republic of Tanzania,country,2023,.391,.0091386884,.010012531,.0042992798,.0051414366
UGA,Uganda,country,2023,.40000001,.012006182,.0087237544,.0084749945,.010101031
UKR,Ukraine,country,2023,.71499997,-.0015255873,-.0016699302,-.0032422717,.0098869586
URY,Uruguay,country,2023,.74699998,.007096617,.008231556,.0081636328,.013568523
USA,United States of America,country,2023,.83200002,.0024361778,.0033997889,.0085578887,.008484887
UZB,Uzbekistan,country,2023,,,,,
VCT,Saint Vincent and the Grenadines,country,2023,,,,,
VEN,Venezuela (Bolivarian Republic of),country,2023,.60500002,-.0052969013,-.0090075713,.0044469871,.0033168246
VNM,Viet Nam,country,2023,.64099997,.009876322,.0096325865,.0057865465,.0047021145
VUT,Vanuatu,country,2023,.52100003,.0069783819,.0066568186,.0025723625,-.0019157038
WSM,Samoa,country,2023,.60900003,,,.0010971182,.0082782637
YEM,Yemen,country,2023,.32499999,-.0068144016,.010147933,.010471952,.012461057
ZAF,South Africa,country,2023,.47600001,.0054096342,.001689202,.0035261346,.0084745931
ZMB,Zambia,country,2023,.361,.0051278607,.0096939597,.012300224,.014044965
ZWE,Zimbabwe,country,2023,.40599999,.0066401325,-.0024450403,.010906878,.0099501638
ZZA.VHHD,Very high human development,benchmark,2023,.82099998,.003476016,.0031973016,.0065818368,.0085994788
ZZB.HHD,High human development,benchmark,2023,.63999999,.008681803,.0063699386,.0068639969,.0047095106
ZZC.MHD,Medium human development,benchmark,2023,.45699999,.015460446,.014147951,.018144514,.013303736
ZZD.LHD,Low human development,benchmark,2023,.336,.0093964851,.0073000472,.0070424937,.0090090502
ZZK.WORLD,World,world,2023,.58999997,.0070451209,.005864488,.0074543855,.0051107025
