iso3,area_name,area_type,year_latest_value,eys,gr_eys_P10,gr_eys_P5,gr_eys_P3,gr_eys_P1
AFG,Afghanistan,country,2023,10.790143,.0062915962,.0047429148,.0026321821,0
AGO,Angola,country,2023,12.1676,.01096292,0,0,0
ALB,Albania,country,2023,14.51015,-.0060495231,-.0048413482,-.0051092468,-.010903325
AND,Andorra,country,2023,14.54279,.023719417,.040446121,.068780527,.13759702
ARE,United Arab Emirates,country,2023,15.60159,.039354276,.0445856,.048884634,.046537325
ARG,Argentina,country,2023,18.831209,.0089027733,.010671361,.008461629,0
ARM,Armenia,country,2023,14.38385,.011723639,.0080084773,.0071906848,-.0015106699
ATG,Antigua and Barbuda,country,2023,15.502999,-.00048113213,-.00036085292,-.00020048993,0
AUS,Australia,country,2023,20.654779,-.01034647,.0022055593,-.0045522233,0
AUT,Austria,country,2023,16.284281,.0015310791,.0032538786,.0032928041,0
AZE,Azerbaijan,country,2023,12.90978,.0056328513,-.0062482795,.007268731,.015741412
BDI,Burundi,country,2023,9.8294239,-.011162173,-.0082678432,-.0046017454,0
BEL,Belgium,country,2023,18.996031,-.0018494886,-.005849353,-.004852484,0
BEN,Benin,country,2023,10.44648,-.014638231,-.01442057,.004634277,0
BFA,Burkina Faso,country,2023,8.7333403,.014747203,-.0048431042,-.0016945928,0
BGD,Bangladesh,country,2023,12.310168,.017505685,.015495492,.01005064,0
BGR,Bulgaria,country,2023,15.31664,.0016869931,-.0039462694,-.0064699249,0
BHR,Bahrain,country,2023,15.92719,.0083067445,-.0017229003,-.0095271496,-.022852613
BHS,Bahamas,country,2023,11.891379,.001708941,.0014751337,0,0
BIH,Bosnia and Herzegovina,country,2023,13.16394,-.0033750434,-.0061715585,-.0022974601,-.0085198646
BLR,Belarus,country,2023,13.71881,-.012629262,-.013340854,-.012925683,-.018790513
BLZ,Belize,country,2023,11.9838,-.0067411824,-.020628015,-.030970404,-.035630837
BOL,Bolivia (Plurinational State of),country,2023,15.61065,-.0012690115,.0053366935,.0017380702,0
BRA,Brazil,country,2023,15.79271,.0035346844,.0036999795,.0074278042,0
BRB,Barbados,country,2023,16.628002,.0047064326,.0035277458,.0019582985,0
BRN,Brunei Darussalam,country,2023,13.69862,-.0073224315,-.0034949598,0,0
BTN,Bhutan,country,2023,13.152741,.0054004057,.0040475521,.002246595,0
BWA,Botswana,country,2023,11.42568,-.0016230273,-.0012237207,-.00068140647,0
CAF,Central African Republic,country,2023,7.4357677,.016423486,.012292509,.006810626,0
CAN,Canada,country,2023,15.88826,.00038645579,-.00057618698,-.0011806665,0
CHE,Switzerland,country,2023,16.66753,.0039467532,.0049748737,.0047213878,0
CHL,Chile,country,2023,16.91242,.0048963581,.0036609743,.011533219,0
CHN,China,country,2023,15.478749,.013687503,.010248175,.0056805015,0
CIV,Côte d’Ivoire,country,2023,11.41113,.034161285,.033071656,.041466799,.11807825
CMR,Cameroon,country,2023,10.79188,-.0074701989,-.013515292,-.0055207042,.0026944156
COD,Democratic Republic of the Congo,country,2023,10.911474,.017815862,.013332341,.0073850513,0
COG,Congo,country,2023,12.681947,.017068556,.012774308,.0070767882,0
COL,Colombia,country,2023,14.28641,-.0028522506,-.0047233258,.00016897358,0
COM,Comoros,country,2023,13.29446,.014455738,.011769639,.0065216566,0
CPV,Cabo Verde,country,2023,11.367097,-.011374473,-.0085355127,-.0047510094,0
CRI,Costa Rica,country,2023,16.349636,.013205414,.01430988,.0053084427,0
CUB,Cuba,country,2023,13.87884,-.00078056374,-.0045794691,-.012806908,-.020828804
CYP,Cyprus,country,2023,16.215599,.013503213,.0065393187,-.00025825345,0
CZE,Czechia,country,2023,16.793501,-.00037751222,.0081699425,.013339492,0
DEU,Germany,country,2023,17.309219,.0012470862,.0031174514,.0016080738,0
DJI,Djibouti,country,2023,6.2073503,.017546805,.012250924,.0063564084,.0063161403
DMA,Dominica,country,2023,14.151,0,0,0,0
DNK,Denmark,country,2023,18.70401,-.0024738656,-.00019014458,.0011375853,0
DOM,Dominican Republic,country,2023,13.61692,-.00072414865,-.013456255,-.018081034,0
DZA,Algeria,country,2023,15.49516,.0056083482,.0049599698,.0041855904,.00047003344
ECU,Ecuador,country,2023,14.85167,.003103341,.0083403289,.0054749572,0
EGY,Egypt,country,2023,13.127162,.010633724,.010922331,.0055288961,0
ERI,Eritrea,country,2023,7.3366723,-.0026177415,.0014615478,.00081170746,0
ESP,Spain,country,2023,17.830311,.0038169327,.0035261186,.0068362309,0
EST,Estonia,country,2023,15.96786,-.0032548748,.0027197085,.004056633,0
ETH,Ethiopia,country,2023,9.2176514,.010196656,.0089036152,.0045013502,0
FIN,Finland,country,2023,19.494089,.00086585793,.00044112396,.0077360147,0
FJI,Fiji,country,2023,13.84869,.0051618787,.0038068569,.0020998081,0
FRA,France,country,2023,16.095119,.0040260078,.0031556701,.0028568306,0
FSM,Micronesia (Federated States of),country,2023,11.540085,.002561626,.000957518,.00053094013,0
GAB,Gabon,country,2023,12.482759,.0031188147,.0023381822,.0012982364,0
GBR,United Kingdom of Great Britain and Northern Ireland,country,2023,17.811069,.00078706699,.0065470464,.0082383696,0
GEO,Georgia,country,2023,16.754709,.012218586,.0091527989,.0098101739,.0016667412
GHA,Ghana,country,2023,11.41846,.0030690224,.0082684979,-.00032959908,0
GIN,Guinea,country,2023,10.393307,.015823632,.011319421,.0062728347,0
GMB,Gambia,country,2023,8.9778996,.013367325,.0072611901,0,0
GNB,Guinea-Bissau,country,2023,10.635346,.0078965388,.0058561424,.0032703192,0
GNQ,Equatorial Guinea,country,2023,12.491195,.021933381,.015306517,.0082612857,0
GRC,Greece,country,2023,20.845501,.018185996,.01558624,.022862451,0
GRD,Grenada,country,2023,16.57729,-.0002713312,-.00017989447,-.000099971861,0
GTM,Guatemala,country,2023,10.67763,-.0014241082,-.0029917697,-.0027080202,-.0027154703
GUY,Guyana,country,2023,13.022058,.0062066684,.0035132945,0,0
HKG,"China, Hong Kong Special Administrative Region",country,2023,16.895861,.0041183643,.0010797126,-.0032613226,-.020807561
HND,Honduras,country,2023,10.162207,.0047711106,.0057872697,.0033326724,0
HRV,Croatia,country,2023,16.34815,.0060463334,.0047102887,.0049852403,0
HTI,Haiti,country,2023,10.896358,.0019303572,-.0023610331,-.0013175065,0
HUN,Hungary,country,2023,15.4694,-.0023043505,.0039171446,.0090076476,0
IDN,Indonesia,country,2023,13.335777,.000048066344,-.0066269618,-.00032483228,-.0059925052
IND,India,country,2023,12.95454,.0093010198,.018559348,.022187807,-.00014804698
IRL,Ireland,country,2023,19.184879,.0049924846,-.0080755465,.0022379926,0
IRN,Iran (Islamic Republic of),country,2023,13.96833,-.0085267434,-.0051290132,-.0035268117,0
IRQ,Iraq,country,2023,12.359402,.0089337314,.0066928198,.0037126944,0
ISL,Iceland,country,2023,18.85059,-.0047069765,.0037567434,.011040953,0
ISR,Israel,country,2023,14.93416,-.0011647826,.0010198544,.0022823592,0
ITA,Italy,country,2023,16.714199,.0045038732,.0051761614,.0036779162,0
JAM,Jamaica,country,2023,12.383395,-.0043273009,-.0036823496,-.0020474268,0
JOR,Jordan,country,2023,13.10905,.0015828726,.0034675975,.0049443482,.0050215018
JPN,Japan,country,2023,15.51198,.00075487955,.0014446193,.0011989304,0
KAZ,Kazakhstan,country,2023,14.008617,-.0039513516,-.0048123067,-.018510915,-.000730486
KEN,Kenya,country,2023,11.474075,.0060682567,.0047520176,.002616405,0
KGZ,Kyrgyzstan,country,2023,12.713882,.00059121434,.0042497558,.0020910478,-.0040311408
KHM,Cambodia,country,2023,11.197892,.00084984628,.00084803277,.00084730098,.00084650563
KIR,Kiribati,country,2023,11.873906,.0062997779,.0018006781,.00099700678,0
KNA,Saint Kitts and Nevis,country,2023,18.40703,.0051650177,0,0,0
KOR,Republic of Korea,country,2023,16.618641,-.00039514838,.002842979,.0048877248,0
KWT,Kuwait,country,2023,15.904241,.014701334,.0081265327,.0045066192,0
LAO,Lao People's Democratic Republic,country,2023,9.6054831,-.011470307,-.02013156,-.019417813,0
LBN,Lebanon,country,2023,11.683,-.0022058918,-.0022180716,-.0022230039,-.0022279203
LBR,Liberia,country,2023,10.465854,.0050414857,.0028263379,0,0
LBY,Libya,country,2023,12.924657,-.0093952212,-.0072636637,-.0040911362,0
LCA,Saint Lucia,country,2023,12.73041,.0016503109,-.015272194,.0010939855,0
LIE,Liechtenstein,country,2023,15.41258,.0027714199,.0076768789,.00064027932,0
LKA,Sri Lanka,country,2023,13.128157,-.0023119624,-.0067763953,-.0056980411,0
LSO,Lesotho,country,2023,10.986593,-.0037983099,-.0045550712,-.0025331622,0
LTU,Lithuania,country,2023,16.454679,-.0024085082,.0016023108,.0062894691,0
LUX,Luxembourg,country,2023,14.35795,.0023478132,.0029943862,.0038385761,0
LVA,Latvia,country,2023,16.482651,.0024786384,-.00094859884,-.00015019243,0
MAR,Morocco,country,2023,15.07499,.023477299,.02307407,.026693726,.032928269
MCO,Monaco,country,2023,21.687241,.0061768261,.024170931,.0051470683,0
MDA,Republic of Moldova,country,2023,14.638569,.0043100226,.003438123,.0022447631,0
MDG,Madagascar,country,2023,9.0625849,-.011225189,-.017132642,-.0055402257,0
MDV,Maldives,country,2023,12.768407,.0052853292,.0098236725,.010662092,0
MEX,Mexico,country,2023,14.46811,.0039235353,-.0061728852,-.0080473712,0
MHL,Marshall Islands,country,2023,16.386061,.017239572,.01470022,.011140512,0
MKD,North Macedonia,country,2023,14.78144,.0090240138,.015601494,.033167668,0
MLI,Mali,country,2023,7.0113316,-.00079547701,-.0022114108,-.0012291659,0
MLT,Malta,country,2023,15.90985,.003291074,.0019816933,.0076444782,0
MMR,Myanmar,country,2023,11.50456,.011876339,0,0,0
MNE,Montenegro,country,2023,15.53653,.00040095736,.0017995317,.00053936878,.0028440789
MNG,Mongolia,country,2023,13.637654,-.0076294905,-.014737836,-.013826846,0
MOZ,Mozambique,country,2023,10.848309,.0043177567,.0068643969,.0038077026,0
MRT,Mauritania,country,2023,7.9495406,-.0064978288,-.013551464,-.0042535341,0
MUS,Mauritius,country,2023,14.162821,-.00221712,-.0041074087,-.00139084,0
MWI,Malawi,country,2023,9.9025917,-.0068464628,-.0052498807,-.0029456853,0
MYS,Malaysia,country,2023,12.676393,-.0025391711,-.0072951424,-.0073010121,.012510181
NAM,Namibia,country,2023,11.785056,.0017055495,.0012788838,.00071034214,0
NER,Niger,country,2023,8.3089199,.04272854,.032809842,.018096836,0
NGA,Nigeria,country,2023,10.51407,.016920114,.011327909,.0061600013,0
NIC,Nicaragua,country,2023,11.51022,.0036975148,.0036633194,.0036499191,.0036367583
NLD,Netherlands (Kingdom of the),country,2023,18.58485,.0029231273,.0027193259,.0030872696,0
NOR,Norway,country,2023,18.79285,.0062595434,.0070396047,.0086953603,0
NPL,Nepal,country,2023,13.754304,.0084374333,.014177994,.028439531,.10355099
NRU,Nauru,country,2023,12.842638,.0080620963,.0049315062,.0027143373,0
NZL,New Zealand,country,2023,19.300051,.00067008525,.010443339,.0019059043,0
OMN,Oman,country,2023,13.43932,-.0055230833,-.009205576,.0049569672,.018001204
PAK,Pakistan,country,2023,7.8951087,.02459548,.0157116,0,0
PAN,Panama,country,2023,13.31161,.0004541713,.0027287451,.0015151046,0
PER,Peru,country,2023,14.909393,.004906157,.0042296918,.0023475981,0
PHL,Philippines,country,2023,12.819047,.0046985038,-.00034135714,.00092970807,0
PLW,Palau,country,2023,14.067424,-.0064403624,-.019599512,-.023722522,-.024289446
PNG,Papua New Guinea,country,2023,11.511072,.027491799,.020549303,.011364657,0
POL,Poland,country,2023,16.67828,.00051177718,.0092342701,.017252799,0
PRK,Democratic People's Republic of Korea,country,2023,12.202153,.0051112897,.0038724823,.0021495046,0
PRT,Portugal,country,2023,17.48682,.006703909,.011914915,.016101666,0
PRY,Paraguay,country,2023,13.98707,.0052744718,.0082443636,.012230355,0
PSE,State of Palestine,country,2023,12.99801,-.0014094663,-.0048643625,-.0061984281,-.011914471
QAT,Qatar,country,2023,13.14116,.0048318873,.00013357101,-.0031033582,0
ROU,Romania,country,2023,14.05288,-.004211782,-.0042528063,-.0093406551,0
RUS,Russian Federation,country,2023,13.18515,-.011348663,-.027056945,-.0015295558,0
RWA,Rwanda,country,2023,12.59045,.026578775,.02000252,.022899196,.027326602
SAU,Saudi Arabia,country,2023,16.94943,.022242326,.013425312,.024553863,0
SDN,Sudan,country,2023,8.6203718,.0097130248,.0083528301,.0046319617,0
SEN,Senegal,country,2023,9.1427097,.00095384283,.0029866386,.0032742263,-.00020120504
SGP,Singapore,country,2023,16.742279,-.0023245933,3.2901819e-06,-.00089597277,0
SLB,Solomon Islands,country,2023,11.313042,.00064207654,-.0004028939,-.00022400891,0
SLE,Sierra Leone,country,2023,9.0641241,.0042312001,.003175952,.0017631479,0
SLV,El Salvador,country,2023,11.11291,-.011201827,-.0064769844,.00087832217,.01468319
SMR,San Marino,country,2023,14.599767,-.0032555638,-.0024426619,-.0013578248,0
SOM,Somalia,country,2023,7.486165,,,,0
SRB,Serbia,country,2023,15.04216,.0037556903,.0014503496,.0097421221,0
SSD,South Sudan,country,2023,5.6347699,.0047460413,0,0,0
STP,Sao Tome and Principe,country,2023,12.856709,.014795011,.0063248975,.0050543295,0
SUR,Suriname,country,2023,10.9591,-.00085055397,-.00063971075,-.00035581613,0
SVK,Slovakia,country,2023,14.94685,-.0011471363,.0055147996,.0085732788,0
SVN,Slovenia,country,2023,17.477171,-.0011719031,.00037701082,.0041326005,0
SWE,Sweden,country,2023,18.99147,.0043543456,.0010170384,.0060287118,0
SWZ,Eswatini,country,2023,15.246044,.017066617,.01277286,.0070760678,0
SYC,Seychelles,country,2023,18.224899,.024062179,-.010363813,.0069328952,0
SYR,Syrian Arab Republic,country,2023,7.4187546,-.012306655,-.0034914911,0,0
TCD,Chad,country,2023,8.3475904,.0071022478,.011832698,.0065565333,0
TGO,Togo,country,2023,13.096424,.0082439063,.0061927545,.0034356988,0
THA,Thailand,country,2023,15.358835,.013626722,-.0049391435,-.0024109182,0
TJK,Tajikistan,country,2023,10.849808,-.00082639861,-.00061988685,-.0003444555,0
TKM,Turkmenistan,country,2023,13.24058,.018458305,.018893993,.020952059,0
TLS,Timor-Leste,country,2023,13.253063,.00068165641,.00051134778,.00028407635,0
TON,Tonga,country,2023,17.78693,.0096655292,.0070776846,.003973091,0
TTO,Trinidad and Tobago,country,2023,14.237643,.0077404031,.0057996917,.0032178566,0
TUN,Tunisia,country,2023,14.673498,.0034902066,.0022129666,.0012288485,0
TUR,Türkiye,country,2023,19.830799,.016745539,.0088665243,.0091657918,0
TUV,Tuvalu,country,2023,12.375069,.0056451992,.003137015,.0017324975,0
TZA,United Republic of Tanzania,country,2023,8.5857401,-.0010387029,.0060423515,-.018315658,0
UGA,Uganda,country,2023,11.564048,.0047653373,.0035718661,.0019828242,0
UKR,Ukraine,country,2023,13.32801,-.011274175,-.0046589705,-.0064178109,0
URY,Uruguay,country,2023,17.483959,.0099182958,.0145067,.019166313,0
USA,United States of America,country,2023,15.923,-.003968141,-.0088042449,-.014310295,0
UZB,Uzbekistan,country,2023,12.46087,.0071625416,.0075300499,.015741332,0
VCT,Saint Vincent and the Grenadines,country,2023,16.253021,.010268961,.0059516886,0,0
VEN,Venezuela (Bolivarian Republic of),country,2023,12.965377,-.0058946949,-.005163027,-.002896477,0
VNM,Viet Nam,country,2023,15.457715,.014229402,.012142353,.0099552013,0
VUT,Vanuatu,country,2023,11.81161,.0064627449,.0040974412,.0022588614,0
WSM,Samoa,country,2023,12.4364,.0023567509,.0013347466,0,0
YEM,Yemen,country,2023,7.4949026,-.0076825581,.0017238677,0,0
ZAF,South Africa,country,2023,13.79325,-.00085874856,-.0041143894,-.0045557832,0
ZMB,Zambia,country,2023,11.020529,.00018574532,.00013929384,.000077409561,0
ZWE,Zimbabwe,country,2023,11.057453,.0023115131,.0017331343,.00096248183,0
ZZA.VHHD,Very high human development,benchmark,2023,16.377018,.0012399725,-.0010752615,-.00012142716,.000025511114
ZZB.HHD,High human development,benchmark,2023,14.61214,.0073816325,.0042099636,.0032765386,-.0002436341
ZZC.MHD,Medium human development,benchmark,2023,12.10086,.0087214215,.013082271,.013765843,.0018833708
ZZD.LHD,Low human development,benchmark,2023,8.9453449,.011622672,.0078536225,.002075996,.00041135662
ZZK.WORLD,World,world,2023,13.040366,.0055409791,.0051442883,.0045367163,-.00055035698
