iso3,area_name,area_type,year_latest_value,gdppc,gr_gdppc_P10,gr_gdppc_P5,gr_gdppc_P3,gr_gdppc_P1
ABW,Aruba,country,2023,42783.24890720672,.018230397,.016725201,.12053339,.094663955
AFG,Afghanistan,country,2023,1983.812619929087,-.041992761,-.07327918,-.10527408,.0010610484
AGO,Angola,country,2023,8597.538787875537,-.029700886,-.032746695,-.011642184,-.017536035
ALB,Albania,country,2023,20501.64707267415,.047633659,.048602238,.075985618,.057396732
AND,Andorra,country,2023,64631.29639092712,.012055772,.0049708481,.052155603,.011233009
ARE,United Arab Emirates,country,2023,70239.83283372284,-.0055197403,-.0067825052,.016834518,.0023430574
ARG,Argentina,country,2023,27230.39684966819,-.0070531797,-.0010010473,.044778399,-.021370031
ARM,Armenia,country,2023,19402.75109155784,.047542449,.05230144,.088296689,.084790155
ATG,Antigua and Barbuda,country,2023,28712.39704921922,.013106521,-.0011536614,.062604181,.033357359
AUS,Australia,country,2023,60684.95962048829,.010077852,.010321496,.019550471,.010925416
AUT,Austria,country,2023,64536.2076307547,.0058773421,.0023665731,.023023337,-.017630663
AZE,Azerbaijan,country,2023,21310.73869150223,.0043838946,.015000734,.036710154,.012327216
BDI,Burundi,country,2023,1033.009373417758,.0021131877,-.0020008073,.0017421303,.0047639478
BEL,Belgium,country,2023,63042.00998763087,.011441049,.012116773,.032144278,.0070139626
BEN,Benin,country,2023,3721.212548148079,.025493441,.033533577,.038983982,.037032846
BFA,Burkina Faso,country,2023,2486.206698128709,.019128488,.014249858,.014526599,.0068876827
BGD,Bangladesh,country,2023,8242.397989772422,.055057488,.052144296,.055207722,.044907272
BGR,Bulgaria,country,2023,33073.68030934533,.037198018,.036165468,.050602127,.019732958
BHR,Bahrain,country,2023,57819.90518312423,.0043273824,.010443484,.024220485,.0042892629
BHS,Bahamas,country,2023,35221.26969323129,.008375044,.0091678612,.10013258,.025574861
BIH,Bosnia and Herzegovina,country,2023,19804.91814656348,.041914091,.03909754,.057494886,.026261693
BLR,Belarus,country,2023,27782.43801399673,.006083033,.010540239,.012936907,.04691216
BLZ,Belize,country,2023,12371.00865453477,.002509495,.0155598,.071888544,-.015467885
BMU,Bermuda,country,2023,102268.9228032722,.0057670306,.013486202,.049441863,.044167135
BOL,Bolivia (Plurinational State of),country,2023,11616.15755951592,.011204271,-.0051561482,.041381963,.011180934
BRA,Brazil,country,2023,19079.81221340277,-.00084355043,.01264721,.032632951,.028336715
BRB,Barbados,country,2023,20865.01554371472,.0056072455,.0097425878,.083580077,.018077174
BRN,Brunei Darussalam,country,2023,76616.70148849809,-.012181344,-.0038251013,-.01545161,.0033903243
BTN,Bhutan,country,2023,14610.29590978366,.026823336,.01067459,.040228575,.039041452
BWA,Botswana,country,2023,18932.48027123341,.014652708,.012128163,.051399302,.01528962
CAF,Central African Republic,country,2023,1132.676433698038,.012851049,.0012362486,-.001143437,-.0036288064
CAN,Canada,country,2023,58088.37780779945,.0060058935,.0026055845,.024038821,-.0084451633
CHE,Switzerland,country,2023,85383.35645040081,.010277078,.0096705602,.025069,-.0044190707
CHL,Chile,country,2023,29600.41886131676,.0081310039,.0076097562,.040742248,.00135227
CHN,China,country,2023,22687.25195343279,.056609455,.049634174,.056930274,.055254012
CIV,Côte d’Ivoire,country,2023,6520.898864597651,.03557412,.028350445,.040550377,.039640132
CMR,Cameroon,country,2023,4875.251207680049,.0086354949,.00097799406,.0077610817,.0065242965
COD,Democratic Republic of the Congo,country,2023,1559.338064758592,.015067188,.017222451,.046384133,.050527655
COG,Congo,country,2023,6172.287766506827,-.034830004,-.025669206,-.0094435504,-.005288396
COL,Colombia,country,2023,18406.62423384912,.014668674,.014786446,.050856315,-.0028217484
COM,Comoros,country,2023,3508.158623315454,.0029449826,-.0011816667,.0058337278,.012210405
CPV,Cabo Verde,country,2023,9228.460453311396,.021766813,.015838189,.085860744,.042752072
CRI,Costa Rica,country,2023,26378.54099419258,.026831368,.027167212,.056510035,.043042492
CUW,Curaçao,country,2023,27617.92042836385,-.013856502,-.01146333,.052767191,.03303811
CYM,Cayman Islands,country,2023,79580.88728456527,.0086844582,.0089203576,.033057157,.037082296
CYP,Cyprus,country,2023,51674.90234375,.034951329,.034994561,.059876971,.016404694
CZE,Czechia,country,2023,47558.4106763314,.019210959,.0053730793,.017699884,-.017197737
DEU,Germany,country,2023,63140.19490996694,.0082115745,.0021008595,.01546263,-.0099994894
DJI,Djibouti,country,2023,6510.67859061619,.038342997,.030943768,.039789855,.053391863
DMA,Dominica,country,2023,18278.22534019894,.005616548,.01607828,.070022888,.041447181
DNK,Denmark,country,2023,68993.90311003616,.012813427,.0093074217,.018099181,-.0013837768
DOM,Dominican Republic,country,2023,23282.48950710542,.03786898,.024160188,.060054544,.01285641
DZA,Algeria,country,2023,15159.32423734152,.0025495549,-.0024112193,.022170665,.025512267
ECU,Ecuador,country,2023,14321.16482956109,.0045237509,.0033524313,.048050638,.0094831977
EGY,Egypt,country,2023,16691.38739919619,.024852326,.028715923,.029231174,.020230995
ESP,Spain,country,2023,47322.59370045036,.015452688,.0042693419,.044288296,.012605297
EST,Estonia,country,2023,41284.77468755315,.018171649,.0021203554,.0029894602,-.042663265
ETH,Ethiopia,country,2023,2757.959236260995,.049769767,.035980005,.031005219,.038547602
FIN,Finland,country,2023,56051.77011295006,.0052666585,-.00062179303,.0037559296,-.017813332
FJI,Fiji,country,2023,13194.80475704038,.022098368,.0014416586,.068641067,.088831328
FRA,France,country,2023,54296.72308977306,.0081440788,.0065191127,.032624088,.011605331
FRO,Faroe Islands,country,2023,71828.43427818405,.01655815,.016478172,.028413212,.022200236
FSM,Micronesia (Federated States of),country,2023,3841.271165108155,.0038423736,.00013695701,-.0017316431,.0066759712
GAB,Gabon,country,2023,18701.42277663227,-.0058748564,-.0055131963,.00035578379,.0021098428
GBR,United Kingdom of Great Britain and Northern Ireland,country,2023,53423.42263382916,.0095063997,.0016567588,.036827154,-.010306287
GEO,Georgia,country,2023,22590.52936491459,.049664602,.055686235,.098738067,.0774564
GHA,Ghana,country,2023,6808.537750039638,.019846648,.017771384,.020167107,.011902515
GIN,Guinea,country,2023,3904.82395527998,.033724125,.02474189,.024531471,.029749891
GMB,Gambia,country,2023,2963.598734674361,.014255324,.022510478,.031242862,.035072539
GNB,Guinea-Bissau,country,2023,2660.814446556563,.019543242,.023103535,.027057372,.02307407
GNQ,Equatorial Guinea,country,2023,15302.15178351468,-.073675647,-.053700164,-.036147412,-.096299544
GRC,Greece,country,2023,36700.51346310555,.01780623,.023211844,.063780345,.024347149
GRD,Grenada,country,2023,17093.15628674474,.024745701,.0015079412,.052811038,.043765906
GRL,Greenland,country,2023,71037.53722396232,.014258564,.012111369,.012032481,.0050404314
GTM,Guatemala,country,2023,12380.37151219961,.018588392,.020380843,.037147902,.019423751
GUY,Guyana,country,2023,49312.36032254444,.1527952,.30597198,.36865625,.33031484
HIC,High income,benchmark,2023,57813.42350324444,.015480288,.013911954,.03261194,.010818408
HKG,"China, Hong Kong Special Administrative Region",country,2023,64387.66540660579,.0060785231,-.0079046879,.016358169,.0054977308
HND,Honduras,country,2023,6467.880035278305,.013716361,.0078696255,.048995592,.018149026
HRV,Croatia,country,2023,41320.25799577197,.03821566,.041431092,.083401315,.036533523
HTI,Haiti,country,2023,2939.123794819903,-.013200831,-.03239841,-.029012799,-.029921094
HUN,Hungary,country,2023,40333.25468881178,.033927422,.024143584,.037465785,-.0068381992
IDN,Indonesia,country,2023,13889.94950128581,.032153305,.025241591,.038867395,.041672662
IND,India,country,2023,8870.550276093447,.047681022,.034339961,.072680384,.062674783
IRL,Ireland,country,2023,117659.728593716,.069157518,.047902454,.049468551,-.043474566
IRN,Iran (Islamic Republic of),country,2023,17044.81734426405,.014670416,.02097033,.034817565,.040717434
IRQ,Iraq,country,2023,13202.3228073856,-.0037874794,-.017983045,.009643022,-.017201487
ISL,Iceland,country,2023,69268.12214042238,.014926106,.0075755473,.045472771,.040355232
ISR,Israel,country,2023,47671.24769260859,.017457047,.017163761,.035563584,-.0095802033
ITA,Italy,country,2023,52842.62888317576,.012145441,.013745847,.051093858,.0097316094
JAM,Jamaica,country,2023,11398.81203946411,.014814414,.013947537,.048396856,.027231082
JOR,Jordan,country,2023,10308.78219863369,-.013453997,.0024577731,.014525308,.01479593
JPN,Japan,country,2023,47387.21725425233,.0090511255,.0053790244,.023383733,.012128356
KAZ,Kazakhstan,country,2023,34703.23492866036,.014071705,.014266883,.027277455,.035723258
KEN,Kenya,country,2023,5691.825134744166,.025070891,.025533784,.040178973,.036442585
KGZ,Kyrgyzstan,country,2023,6575.775412904989,.019545186,.020138957,.058937024,.071012504
KHM,Cambodia,country,2023,6695.291947637226,.042415008,.020456165,.029908013,.036684778
KIR,Kiribati,country,2023,3175.024757289033,.029125156,.020021245,.037970506,.015300271
KNA,Saint Kitts and Nevis,country,2023,30616.57728138599,.01442166,.00026363033,.046200864,.029133352
KOR,Republic of Korea,country,2023,54029.3434990785,.023788029,.020424051,.030489309,.015043713
KWT,Kuwait,country,2023,47790.19332391438,-.026413579,-.015313889,-.010801052,-.069865279
LAO,Lao People's Democratic Republic,country,2023,8372.155918744065,.034317274,.014907425,.015458757,.023112122
LBN,Lebanon,country,2023,11330.26873874222,-.036284335,-.070041604,-.032411605,-.012591526
LBR,Liberia,country,2023,1616.923733566953,-.0092573548,-.003797075,.025934201,.024018964
LBY,Libya,country,2023,12476.59749440825,-.027901821,-.053045474,.077311531,.089654043
LCA,Saint Lucia,country,2023,23636.02659402529,.012731135,.0075717038,.1107394,.03615598
LIC,Low income,benchmark,2023,2365.062993033993,.0034916182,-.0047992566,-.0047791675,-.01287728
LKA,Sri Lanka,country,2023,13065.06983057223,.0064646886,-.024098348,-.02012329,-.013887349
LMC,Lower middle income,benchmark,2023,8575.834068293392,.033012792,.023520639,.049388152,.040879227
LSO,Lesotho,country,2023,2592.457012952601,-.011636686,-.018517468,.0098800762,.0057854475
LTU,Lithuania,country,2023,46333.90069652061,.036141157,.024585146,.024345195,-.0066184355
LUX,Luxembourg,country,2023,130048.9222731472,.00007820435,-.002571228,.00047027197,-.019022785
LVA,Latvia,country,2023,37277.72172213173,.027663784,.014260693,.028880166,-.011691825
MAC,"China, Macao Special Administrative Region",country,2023,104815.20003062,-.049733132,-.055625319,.20663026,.74920964
MAR,Morocco,country,2023,8915.3515625,.012949048,.0069534616,.034424532,.025879085
MDA,Republic of Moldova,country,2023,15980.56688898556,.037301492,.028356135,.056295447,.041057918
MDG,Madagascar,country,2023,1629.605522548898,.0011736599,-.00592899,.017770573,.016960267
MDV,Maldives,country,2023,22333.04771381746,.021878293,.011686759,.1617581,.045661896
MEX,Mexico,country,2023,21864.92361041453,.0049796659,-.0012108142,.034867566,.022113478
MHL,Marshall Islands,country,2023,6774.782655783783,.042448614,.037491243,.018196929,-.023490043
MIC,Middle income,benchmark,2023,14488.64533670746,.032310512,.027378039,.04530894,.039453752
MKD,North Macedonia,country,2023,23455.22213181764,.028215116,.024260599,.038015049,.027735723
MLI,Mali,country,2023,2861.480580633144,.012446936,-.000064752392,.0076970123,.016941354
MLT,Malta,country,2023,60459.76551826439,.039804433,.025071478,.062612288,.063039683
MMR,Myanmar,country,2023,5364.137970344292,.014020257,-.028586959,-.032704692,.0025533794
MNE,Montenegro,country,2023,27243.404228981,.030358152,.029459246,.092294663,.064889438
MNG,Mongolia,country,2023,16222.86388985287,.020756533,.012707666,.031039797,.059595335
MOZ,Mozambique,country,2023,1512.667296096708,.0087958109,-.0034242994,.010471751,.024332983
MRT,Mauritania,country,2023,6276.475210756528,.0084539028,.0039608032,.017211488,.036875606
MUS,Mauritius,country,2023,26471.03514228922,.023655349,.0095386514,.059254851,.0586267
MWI,Malawi,country,2023,1649.298732345505,.0058720661,.0012637489,-.0014391706,-.006422312
MYS,Malaysia,country,2023,32857.66766007743,.024728891,.015269868,.040117472,.022672169
NAM,Namibia,country,2023,10126.23595556107,-.013441013,-.020206641,.016108125,.017395822
NER,Niger,country,2023,1712.970317265209,.01809771,.018230299,.018297758,-.0069144419
NGA,Nigeria,country,2023,7843.003990076752,-.0089549106,-.012748018,.0077165533,.011705669
NIC,Nicaragua,country,2023,7496.530565575048,.014457358,.012386109,.047440786,.030051423
NLD,Netherlands (Kingdom of the),country,2023,70198.95460223609,.01367856,.010101838,.026706779,-.015773926
NOR,Norway,country,2023,94364.96417543356,.0093563199,.0093734544,.019656133,-.0078312652
NPL,Nepal,country,2023,4861.230303797002,.035592292,.021469556,.032806944,.020540446
NRU,Nauru,country,2023,11858.5184696436,.019252077,.026544189,.01603093,-.013380326
NZL,New Zealand,country,2023,49592.58755120981,.013303253,.010905556,.022970004,-.0050236927
OMN,Oman,country,2023,37793.61639575154,-.0077574588,-.0045929966,.0020636525,-.049939372
PAK,Pakistan,country,2023,5418.769318929704,.020879101,.006154228,.018090444,-.019454908
PAN,Panama,country,2023,35872.97192000688,.024593355,.018809896,.10095508,.057726536
PER,Peru,country,2023,15342.27413596423,.0088360738,-.00054535293,.040801138,-.014405389
PHL,Philippines,country,2023,9898.532945881065,.03501055,.018846236,.053940181,.046676561
PLW,Palau,country,2023,16487.15375426997,-.0081404373,-.034086633,-.037829001,.014055844
PNG,Papua New Guinea,country,2023,4206.378346913668,.015245469,-.0002521197,.01037282,.019473335
POL,Poland,country,2023,43672.76680149465,.041188784,.036531549,.048827868,.0061682379
PRI,Puerto Rico,country,2023,42837.87273714496,.0030408269,.0082226321,.021653818,.012457557
PRT,Portugal,country,2023,41768.25830968737,.0188543,.013167875,.042623468,.016979663
PRY,Paraguay,country,2023,15831.58498313085,.014573848,.003067133,.018380145,.039986216
PSE,State of Palestine,country,2023,5562.42442563953,-.0098658847,-.025919685,.0084552178,-.033140313
QAT,Qatar,country,2023,116159.1425640877,-.017114785,.0021648919,.040683027,.012367764
ROU,Romania,country,2023,40116.68914169041,.040613919,.028672364,.043720119,.02190295
RUS,Russian Federation,country,2023,39881.44921875,.0095649362,.017673355,.031139441,.043616604
RWA,Rwanda,country,2023,3168.030752815154,.041491926,.042104989,.065670013,.061989915
SAU,Saudi Arabia,country,2023,64481.84419272879,.010653,.0099762296,.03941641,-.040142845
SDN,Sudan,country,2023,2181.0791015625,-.061861336,-.10587643,-.13766176,-.30363196
SEN,Senegal,country,2023,4304.761487217733,.024315106,.014880905,.023241902,.017979117
SGP,Singapore,country,2023,130296.8437892607,.021567756,.015471475,.037466113,-.033606768
SLB,Solomon Islands,country,2023,2339.874699923472,-.017227167,-.027247557,-.023831449,.0040646922
SLE,Sierra Leone,country,2023,3034.946081925047,-.0029111367,.018629968,.033081625,.034147527
SLV,El Salvador,country,2023,11404.33422626853,.020284608,.020634273,.055712011,.028750652
SMR,San Marino,country,2023,70951.79196907149,.019540615,.036900524,.082090281,.00090544659
SOM,Somalia,country,2023,1401.647352284554,.015846955,-.014125437,.0013333301,.010161661
SRB,Serbia,country,2023,25735.13347741952,.035460159,.047004819,.062111791,.043943103
STP,Sao Tome and Principe,country,2023,5541.301676053497,.0088864891,-.00474715,-.011843559,-.016128665
SUR,Suriname,country,2023,19020.86637510091,-.025488185,-.036763512,-.0012323409,.014847224
SVK,Slovakia,country,2023,39501.94742319616,.024274372,.016402563,.029510299,.022069614
SVN,Slovenia,country,2023,47986.41958558214,.027216781,.020439621,.041533925,.019709619
SWE,Sweden,country,2023,62122.5116950792,.009794781,.0065592369,.014718188,-.0067472681
SWZ,Eswatini,country,2023,10181.50407303966,.012963344,.012293619,.016425695,.025574861
SXM,Sint Maarten (Dutch part),country,2023,46571.08813424001,-.012477295,.020129617,.058524404,.023188232
SYC,Seychelles,country,2023,28713.66723530876,.014881003,-.026505867,-.015116665,.052720007
TCA,Turks and Caicos Islands,country,2023,31839.37053819695,.074905366,.010052903,.17349353,.12867045
TCD,Chad,country,2023,2433.533309627074,-.016159441,-.0094902785,-.010657649,-.0065113776
TGO,Togo,country,2023,3215.82300022488,.028993748,.028995562,.039704084,.041930985
THA,Thailand,country,2023,21245.27067718793,.015344038,.0034534822,.021184625,.022956995
TJK,Tajikistan,country,2023,4472.324137877705,.046886202,.051473837,.062866673,.061363179
TKM,Turkmenistan,country,2023,17685.85859292817,.043832995,.040534832,.042030685,.043806717
TLS,Timor-Leste,country,2023,4331.077925603865,-.00021217002,.0067007407,-.13078023,-.19022475
TON,Tonga,country,2023,7031.320217046881,.016796472,.0041860216,.0023822505,.032273892
TTO,Trinidad and Tobago,country,2023,31196.60355471798,-.019519053,-.015377744,.0051353257,.013399411
TUN,Tunisia,country,2023,12650.96151581659,.00049908692,-.0079067694,.019023284,-.0048187128
TUR,Türkiye,country,2023,35069.17017146847,.038148928,.040317729,.065676443,.046190556
TUV,Tuvalu,country,2023,5315.163010281039,.033218611,.021227801,-.0078523969,.053646058
TZA,United Republic of Tanzania,country,2023,3620.79345703125,.021573991,.013099082,.016254138,.020810075
UGA,Uganda,country,2023,2791.055768858613,.014330243,.01320324,.013877435,.024275837
UKR,Ukraine,country,2023,15916.9580078125,-.01161265,-.012835198,-.023472348,.15448004
UMC,Upper middle income,benchmark,2023,20194.44371954014,.034225248,.031327479,.046670239,.04209495
URY,Uruguay,country,2023,31100.96968898817,.010128618,.0088678235,.038256619,.0084603466
USA,United States of America,country,2023,74351.6718197429,.018388012,.018835159,.033226624,.020911327
UZB,Uzbekistan,country,2023,10514.09557214471,.04252268,.03759237,.047592632,.041888256
VCT,Saint Vincent and the Grenadines,country,2023,17858.24464687023,.026083678,.020450717,.042461734,.060779303
VNM,Viet Nam,country,2023,13534.79978430164,.049810566,.043545943,.045267403,.042762015
VUT,Vanuatu,country,2023,3782.826490294179,.00090496935,-.0086709512,.0099633876,.033977415
WLD,World,world,2023,20894.86637476493,.020115219,.017174043,.035613626,.023168717
WSM,Samoa,country,2023,7384.691636886129,.016609434,.016457427,.030604297,.14487983
XKX,Kosovo,country,2023,14240.20303203646,.048972312,.049423981,.085365862,.093510993
ZAF,South Africa,country,2023,13695.3755694076,-.0069260909,-.012081953,.011066827,-.0052381177
ZMB,Zambia,country,2023,3673.484196992201,.0038437138,.0014504452,.02697053,.024646122
ZWE,Zimbabwe,country,2023,5218.04526596398,.0036429798,-.0074006487,.048436515,.035988007
